"PKEY","NAME","DESC","PROJECTID","PROJECTMAP","STATUSPID","COMLINEID","NETWRKTYPE","FASTSCNPID","CONFIGSW","LASTERROR","HASSLAVES","VRTUPROXY","DER","PERCENTPID","MSGCNTPID","GOODCNTPID","BADCNTPID","TMOCNTPID","SENDCNTPID","DOVERPID","DSTATPID","DLASTPID","TBSOVERPID","TFAILPID","PTSWPID","PTSWFLLVL","PTSWSULVL","CHSWPID","CHSWFLLVL","CHSWSULVL","HOSTNAME1","HOSTPORT1","COMPTHPID1","RTUADDR1","IFACEADDR1","DIALINI1","DIALSTR1","DIALTMO1","HOSTNAME2","HOSTPORT2","COMPTHPID2","RTUADDR2","IFACEADDR2","DIALINI2","DIALSTR2","DIALTMO2","HOSTNAME3","HOSTPORT3","COMPTHPID3","HOSTNAME4","HOSTPORT4","COMPTHPID4","IMPPKEY","RTUTYPE","IEDPORTID","IEDUNITNUM","IEDSTATION","IEDPREFIX","IEDEXTPREF","IEDANSFILE","PARAMETERA","PARAMETERB","PARAMETERC","PARAMETERD","PARAMETERE","PARAMETERF","PARAMETERG","PARAMETERH","PARAMETERI","PARAMETERJ","ICINTERVAL","ICTLE","ICBUFTIME","ICINTEG","ICEVENT","ICISBLOCK","ICISCRIT","ICISRBE","ICISINTER","ICISOBJECT","ICISOPER","ICISINTEG","ICISOTHER","ICISALLCHA","SCENABLED","SCAUTODNLD","SCAUTOLCDN","SCANINP1","SCANINP2","SCANOUT1","SCANOUT2","SCSTINP1","SCSTINP2","SCSTOUT1","SCSTOUT2","SCACCUM1","SCACCUM2","SCPTNAME","SCIEDPTNM","SCDELMAP","SCMASTERID","SAUPDATKEY","ENCENABLED","ENCCERT1","ENCCERT2"
"1","CORH_SCADA","CORH Data Exchange for Generator Data","0","0","CORH_DE,CORH_RTU:S","CORH_DE_COMMLINE","2","","T=HZ;DB000000BF0100004D91C16EC4200C44EF95FA2DBB497ACDC109067917706A3BABB6FFFF212540A2BDCD1B237B46DC8C122604DD05E7FBE7C78D4266C1C35583B4552FC10FBE309B5682181D1854BD9AC4EF1D62055B56CE261CDB3B0F6A1BC7364311968B3C504477A1A0A255C5DE1FA7AB764702E7A4ED2EEE02FA9E91A37B4BF587C22690958C38576B570472E84BA2C82F6C8B88F2758197C7300F4D8CF3D8C5FD9C8DC3A9A6CB9BC6537D354F9FB495951884ECB739801996D2AF53B9AC47A4A1128450EA6AA7C4998CA5BF2C0431CCD3096BD9D947A599E3D461DFCA07D40AFF","","0","0","0","","","","","","","","","","","","","0","0","","0","0","192.168.11.229","20000","","10","0","","","0","","0","","0","0","","","0","","0","","","0","","0","0","","0","","","","","0","0","0","0","0","0","0","0","0","0","0","0","0","0","0","0","0","0","0","0","0","0","0","0","0","1","0","0","0","0","0","0","0","0","0","0","0","0","0","1","1","T=H;0000000000000000000000000000000000000000000000000000000000000000","0","",""
"2","ABB02_PRI","Primary RTU device","0","0","SYS$,ABB02_PRI_RTU:S","X_MOONBEAM","2","","T=HZ;F5000000EE0100004D51CB6AC4300CBC17FA2D9B74170A0B3928B112DC2A562A294BDBFFFF90CA8F9A051F6646F248635F2CEEB823E829380DAF2F97B82516CCAA1AEC47D176F8C60726D3C278FEC0C50E269AC6FB55F319FCDC730D8802184C37C78B097D9D40E592CD0B2713A6EAB1823687D1198AB014FA5E6A9130742AA86875F0BAE6BD0A0E79BD10A49ABB3A833E07600A4F2BFFA2B009248D163915E954841870F595881F588D624C7D82C71CFFC15B074347BD781DA66B43BDEF56FBF4331E6E899B44FBA90A6082D9F335E69335AF341606DBE671B5B19D533496D6E90C682BA30A59DCB3953C59E0BD91F3F01FA8111602D5F29043FD9F3F","","0","0","0","","","","","","","","","","","","","0","0","","0","0","10.10.1.33","3001","","12","0","","","0","","0","","0","0","","","0","","0","","","0","","0","0","","0","","","","","0","0","0","0","0","0","0","0","0","0","0","0","0","0","0","0","0","0","0","0","0","0","0","0","0","1","0","0","0","0","0","0","0","0","0","0","0","0","0","0","1","T=H;0000000000000000000000000000000000000000000000000000000000000000","0","",""
"3","ABB01_PRI","Primary RTU device","0","0","SYS$,ABB01_PRI_RTU:S","ABBEVILLE","2","","T=HZ;F0000000EB0100004D91416E84300C45F7957A96814E67D19158186250DA24A6B619B5BDFF416A4C8846D9FCF7BF496C73D1983123C8C63874AF2F97B81462DC5D51C8AB7B197EF08145C509520AA030F4A627E5F4BD41F26006D195521AFA9B1132133B7E78161386868C82EA1FD13CEF8FB90EFB9B21B0C3EE8E20CF5D510A4F7DFC21933214891AA91C65B1B4CB68FCEC4FF1D644D7540BAFCDBBB6BAF7C393AFB8DA95B870D45F77A604223E4677B77354E354E7BEDFEC9CC1260831E0CC16D103EB54E34445CD3A6610C002A36DA69295C93E4CEF04CB628B924A994A54E25A69046919AE274CD6628D6C278172856DB59FE51BF907","","0","0","0","","","","","","","","","","","","","0","0","","0","0","10.10.1.31","3001","","10","0","","","0","","0","","0","0","","","0","","0","","","0","","0","0","","0","","","","","0","0","0","0","0","0","0","0","0","0","0","0","0","0","0","0","0","0","0","0","0","0","0","0","0","1","0","0","0","0","0","0","0","0","0","0","0","0","0","0","1","T=H;0000000000000000000000000000000000000000000000000000000000000000","0","",""
"4","ABB01_CHK","Check RTU device","0","0","SYS$,ABB01_CHK_RTU:S","ABBEVILLE","2","","T=HZ;F0000000EB0100004D91416EC4300845F7957A96493A9D4547CA82C42472EB9814C8A8EDFD0F524C1C6BE40DEF83F1FFF245E38A2B82EC8C43F7FA72894B26C6A28AC2BAB9B6C20F3E30AB384D0944364A69E8EE764CA1F1132775A9BFDFEC9C0D482980C2D0976BCAE97B87E43B66903A7F33426662C70FEFC584A121A3A0FA259AE7E2CBEB50EC85C00E451D419E03500A4F96FF904919B2448D948FB198DB32F3DF9FC55B2BBA56B5E6B569D736F77E68F215375B890B47FD756517841870664B420FAC56C789B29A741813C00CA3C5AD6463521CF64EB02C965E2AAD94A312D7492348CB703D61B2776BCB82065A2BEC9BFD80C7FC07","","0","0","0","","","","","","","","","","","","","0","0","","0","0","10.10.1.32","3001","","11","0","","","0","","0","","0","0","","","0","","0","","","0","","0","0","","0","","","","","0","0","0","0","0","0","0","0","0","0","0","0","0","0","0","0","0","0","0","0","0","0","0","0","0","1","0","0","0","0","0","0","0","0","0","0","0","0","0","0","1","T=H;0000000000000000000000000000000000000000000000000000000000000000","0","",""
"5","CLI01_PRI","Primary RTU device","0","0","SYS$,CLI01_PRI_RTU:S","CLINTON","2","","T=HZ;F2000000EE0100004D514B4EC4300CDD23719669E9B060A42EDCC6AD02495C6C773470FF83E07C8846CAE27D1CFB39B9A88F1811E4649C87D7978BDF1331665514E251B4080FBC6352290C4270A0305F0DAFCAE1FB84500C5D564ACA146ADD06A20785308FEFC69099B8D08FE2F980AE5346412D9768DBF2EC825D8EE01CD7E6A62E20CF2129B8A758BFC8A40C49BC7A4A453A05C13BDC2C52A03BD646DEA73E8196CFF11FBC753074D4CD6998A7867ADDB5D6C9973FAC25EEECF5A72A800916DBAF319B2C39D25818ECBBAD2B8D454A5E895BA531087B1955C86A3D9B659B398A8D9C87FD405F01D7F6CEB749F219ECDCB2B7061029D650953F","","0","0","0","","","","","","","","","","","","","0","0","","0","0","10.115.2.31","3001","","14","0","","","0","","0","","0","0","","","0","","0","","","0","","0","0","","0","","","","","0","0","0","0","0","0","0","0","0","0","0","0","0","0","0","0","0","0","0","0","0","0","0","0","0","1","0","0","0","0","0","0","0","0","0","0","0","0","0","0","1","T=H;0000000000000000000000000000000000000000000000000000000000000000","0","",""
"6","CLI01_CHK","Check RTU device","0","0","SYS$,CLI01_CHK_RTU:S","CLINTON","2","","T=HZ;F1000000ED0100004D514B4EC4300CDD2371966999610152176EE35681242EB63B02EE7F101C3744A374F13EAEFD9C5C3466CC0872304EC3F3D3256E8518AB2A0A79772DC337DEB1A838839402284C37C38B72FA3A20B9A1F3424599D259B782E84E294DE3AB31642676FAE65E4C183A651454FF89D6B5CE761C6A8410F86C6EEA0CF21892527888F58B4CCA50246AA4E2D2210831E06A9112DDF16C1463E91368FE18FFC14B074347DDBC0ED3B5A15E773BEBE433EED612378EFA732A800566DBAF319B2C35D2E80CB6CDD695C63295A8C4ADD218A4CD473959AC67B36CB340B99163B717E82BE0D2EEF9FD2AF51BEAA98F9340C49DA6FC01","","0","0","0","","","","","","","","","","","","","0","0","","0","0","10.115.2.32","3001","","15","0","","","0","","0","","0","0","","","0","","0","","","0","","0","0","","0","","","","","0","0","0","0","0","0","0","0","0","0","0","0","0","0","0","0","0","0","0","0","0","0","0","0","0","1","0","0","0","0","0","0","0","0","0","0","0","0","0","0","1","T=H;0000000000000000000000000000000000000000000000000000000000000000","0","",""
"7","CLI02_PRI","Primary RTU device","0","0","SYS$,CLI02_PRI_RTU:S","CLINTON","2","","T=HZ;D6000000BF0100004D91416E03310845F7957296249D6EB360C68C4583CD1498A8E9FD0F528FED58D9FDF741F01167A78409C176C5DBE5F471A69845F170CD216DD54BF08B0FCC6E9580398043D58B2BFFECC0157C5E24BB0AB7BE15CC37E1564355D1412B106318A868E855C9BA1EABAB0E478210B4CD2EEE0CF69E5138BCA5FA431557C8464E92ABB51B02055C4B229607B64144796C90F9FBFA129F435C861AC56978D3E8FB6A9EDD692B23312AF9B3398019E6725FA7B2D98E48D74A106339D73A25C9E4A2BDB31070BC4D2F58CACC5E2A9705491DF6AD3CA09EF00F","","0","0","0","","","","","","","","","","","","","0","0","","0","0","10.115.2.33","3001","","16","0","","","0","","0","","0","0","","","0","","0","","","0","","0","0","","0","","","","","0","0","0","0","0","0","0","0","0","0","0","0","0","0","0","0","0","0","0","0","0","0","0","0","0","1","0","0","0","0","0","0","0","0","0","0","0","0","0","0","1","T=H;0000000000000000000000000000000000000000000000000000000000000000","0","",""
"8","CLI02_CHK","Check RTU device","0","0","SYS$,CLI02_CHK_RTU:S","CLINTON","2","","T=HZ;D6000000BF0100004D91416E03310845F7957296249D6EB360C68C4583CD1498A8E9FD0F528FED58D9FDF741F01167A78409C176C5DBE5F471A69845F170CD216DD54BF08B0FCC6E9580398043D58B2BFFECC0157C5E24BB0AB7BE15CC37E1564355D1412B106318A868E855C9BA1EABAB0E478210B4CD2EEE0CF69E5138BCA5FA431557C8464E92ABB51B02055C4B229607B64144796C90F9FBFA129F435C861AC56978D3E8FB6A9EDD692B23312AF9B3398019E6725FA7B2D98E48D74A106339D73A25C9E4A2BDB31070BC4D2F58CACC5E2A9705491DF6AD3CA09EF00F","","0","0","0","","","","","","","","","","","","","0","0","","0","0","10.115.2.34","3001","","17","0","","","0","","0","","0","0","","","0","","0","","","0","","0","0","","0","","","","","0","0","0","0","0","0","0","0","0","0","0","0","0","0","0","0","0","0","0","0","0","0","0","0","0","1","0","0","0","0","0","0","0","0","0","0","0","0","0","0","1","T=H;0000000000000000000000000000000000000000000000000000000000000000","0","",""
"9","EAS01_PRI","Primary RTU device","0","0","SYS$,EAS01_PRI_RTU:S","EASLEY_PRIMARY","2","","T=HZ;D4000000BF0100004D914D72C3300885F79DE95992D4DD66812DACA145C2059C697AFF83543FB626BBF73D103C4617A78409C176C5FBF5FDED42318B6275CD216DCD4BF08B0FCC6E8D80398043D38B2BFFECC00D5630DF843BA0AAE8A01588310C5434F4A6645DEBAEA6435D198236A8EE0CF61A4A38BCC4F8431557C8464E927B1BE5314CE6AFDB293E86B80E358AD3F0A6D1F7D93DFBA6AD8CC4A8E4CF9E6A5E24BB0AF70CBB2150C0B5182C0FECC90D30C35CCE3DA8F85613DE1A418CE57A3B28492697F35D21E0789F4E58CADEA3540E0D920ED8B7F201EDCC7F","","0","0","0","EAS01,PRI_PERCENT_UP:A","EAS01,PRI_TOTAL_MSG_RCV:A","EAS01,PRI_MESSAGES_GOOD:A","EAS01,PRI_MESSAGES_BAD:A","EAS01,PRI_TIMEOUTS:A","EAS01,PRI_TOTAL_MSG_SNT:A","","","","","","","0","0","","0","0","10.115.3.31","3001","","22","0","","","0","","0","","0","0","","","0","","0","","","0","","0","0","","0","","","","","0","0","0","0","0","0","0","0","0","0","0","0","0","0","0","0","0","0","0","0","0","0","0","0","0","1","0","0","0","0","0","0","0","0","0","0","0","0","0","0","1","T=H;0000000000000000000000000000000000000000000000000000000000000000","0","",""
"10","EAS01_CHK","Check RTU device","0","0","SYS$,EAS01_CHK_RTU:S","EASLEY_CHECK","2","","T=HZ;F0000000EB0100004D91416E84300C45F7957A96814E67D19158186250DA24A6B619B5BDFF416A4C8846D9FCF7BF496C73D1983123C8C63874AF2F97B81462DC5D51C8AB7B197EF08145C509520AA030F4A627E5F4BD41F26006D195521AFA9B1132133B7E78161386868C82EA1FD13CEF8FB90EFB9B21B0C3EE8E20CF5D510A4F7DFC21933214891AA91C65B1B4CB68FCEC4FF1D644D7540BAFCDBBB6BAF7C393AFB8DA95B870D45F77A604223E4677B77354E354E7BEDFEC9CC1260831E0CC16D103EB54E34445CD3A6610C002A36DA69295C93E4CEF04CB628B924A994A54E25A69046919AE274CD6628D6C278172856DB59FE51BF907","","0","0","0","EAS01,CHK_PERCENT_UP:A","EAS01,CHK_TOTAL_MSG_RCV:A","EAS01,CHK_MESSAGES_GOOD:A","EAS01,CHK_MESSAGES_BAD:A","EAS01,CHK_TIMEOUTS:A","EAS01,CHK_TOTAL_MSG_SNT:A","","","","","","","0","0","","0","0","10.115.3.32","3001","","23","0","","","0","","0","","0","0","","","0","","0","","","0","","0","0","","0","","","","","0","0","0","0","0","0","0","0","0","0","0","0","0","0","0","0","0","0","0","0","0","0","0","0","0","1","0","0","0","0","0","0","0","0","0","0","0","0","0","0","1","T=H;0000000000000000000000000000000000000000000000000000000000000000","0","",""
"11","EAS03_PRI","Primary RTU device","0","0","SYS$,EAS03_PRI_RTU:S","EASLEY_PRIMARY","2","","T=HZ;D4000000BF0100004D914D72C3300885F79DE95992D4DD66812DACA145C2059C697AFF83543FB626BBF73D103C4617A78409C176C5FBF5FDED42318B6275CD216DCD4BF08B0FCC6E8D80398043D38B2BFFECC00D5630DF843BA0AAE8A01588310C5434F4A6645DEBAEA6435D198236A8EE0CF61A4A38BCC4F8431557C8464E927B1BE5314CE6AFDB293E86B80E358AD3F0A6D1F7D93DFBA6AD8CC4A8E4CF9E6A5E24BB0AF70CBB2150C0B5182C0FECC90D30C35CCE3DA8F85613DE1A418CE57A3B28492697F35D21E0789F4E58CADEA3540E0D920ED8B7F201EDCC7F","","0","0","0","EAS03,PRI_PERCENT_UP:A","EAS03,PRI_TOTAL_MSG_RCV:A","EAS03,PRI_MESSAGES_GOOD:A","EAS03,PRI_MESSAGES_BAD:A","EAS03,PRI_TIMEOUTS:A","EAS03,PRI_TOTAL_MSG_SNT:A","","","","","","","0","0","","0","0","10.115.3.33","3001","","24","0","","","0","","0","","0","0","","","0","","0","","","0","","0","0","","0","","","","","0","0","0","0","0","0","0","0","0","0","0","0","0","0","0","0","0","0","0","0","0","0","0","0","0","1","0","0","0","0","0","0","0","0","0","0","0","0","0","0","1","T=H;0000000000000000000000000000000000000000000000000000000000000000","0","",""
"12","EAS03_CHK","Check RTU device","0","0","SYS$,EAS03_CHK_RTU:S","EASLEY_CHECK","2","","T=HZ;F0000000EB0100004D91416E84300C45F7957A96814E67D19158186250DA24A6B619B5BDFF416A4C8846D9FCF7BF496C73D1983123C8C63874AF2F97B81462DC5D51C8AB7B197EF08145C509520AA030F4A627E5F4BD41F26006D195521AFA9B1132133B7E78161386868C82EA1FD13CEF8FB90EFB9B21B0C3EE8E20CF5D510A4F7DFC21933214891AA91C65B1B4CB68FCEC4FF1D644D7540BAFCDBBB6BAF7C393AFB8DA95B870D45F77A604223E4677B77354E354E7BEDFEC9CC1260831E0CC16D103EB54E34445CD3A6610C002A36DA69295C93E4CEF04CB628B924A994A54E25A69046919AE274CD6628D6C278172856DB59FE51BF907","","0","0","0","EAS03,CHK_PERCENT_UP:A","EAS03,CHK_TOTAL_MSG_RCV:A","EAS03,CHK_MESSAGES_GOOD:A","EAS03,CHK_MESSAGES_BAD:A","EAS03,CHK_TIMEOUTS:A","EAS03,CHK_TOTAL_MSG_SNT:A","","","","","","","0","0","","0","0","10.115.3.34","3001","","25","0","","","0","","0","","0","0","","","0","","0","","","0","","0","0","","0","","","","","0","0","0","0","0","0","0","0","0","0","0","0","0","0","0","0","0","0","0","0","0","0","0","0","0","1","0","0","0","0","0","0","0","0","0","0","0","0","0","0","1","T=H;0000000000000000000000000000000000000000000000000000000000000000","0","",""
"13","EAS04A_PRI","Primary RTU device","0","0","SYS$,EAS04A_PRI_RTU:S","EASLEY_PRIMARY","2","","T=HZ;F2000000ED0100004D91416E84300C45F7957A9681CE48952AB130C4A0B426A6B119B5BDFF41EA389968048BFFBE9DF81B2E1A77DC11E4CC380DAF2F97B825CE585C51D80FF776F8C13B261527200AA030DD4C2F9AE9FB04F2C20AA207134DE368843973767CF75A240C1D330AAA1FE2752DC35C87323384EC50DC19E439155378CAF18799354392A891536D8BA95FC6F3E7F8106F5D0C5DF5E27598AE4DF5BE5BED93AF78D895B8E5A8BF35D5BC70D2CC54339C821003AE6610DFB12617C004B3ADDBC87C29094727D836DB5E1AED9CA2F2E39C11D0E6711C169BDB4AB668E0BDC179D81FA86B2E0422FE5D870F7B6A7C5CB45957296F2BFD03","","0","0","0","EAS04A,PRI_PERCENT_UP:A","EAS04A,PRI_TOTAL_MSG_RCV:A","EAS04A,PRI_MESSAGES_GOOD:A","EAS04A,PRI_MESSAGES_BAD:A","EAS04A,PRI_TIMEOUTS:A","EAS04A,PRI_TOTAL_MSG_SNT:A","","","","","","","0","0","","0","0","10.115.3.35","3001","","26","0","","","0","","3001","","0","0","","","0","","0","","","0","","0","0","","0","","","","","0","0","0","0","0","0","0","0","0","0","0","0","0","0","0","0","0","0","0","0","0","0","0","0","0","1","0","0","0","0","0","0","0","0","0","0","0","0","0","0","1","T=H;0000000000000000000000000000000000000000000000000000000000000000","0","",""
"14","EAS04A_CHK","Check RTU device","0","0","SYS$,EAS04A_CHK_RTU:S","EASLEY_CHECK","2","","T=HZ;F2000000ED0100004D91416E84300C45F7957A9681CE48952AB130C4A0B426A6B119B5BDFF41EA389968048BFFBE9DF81B2E1A77DC11E4CC380DAF2F97B825CE585C51D80FF776F8C13B261527200AA030DD4C2F9AE9FB04F2C20AA207134DE368843973767CF75A240C1D330AAA1FE2752DC35C87323384EC50DC19E439155378CAF18799354392A891536D8BA95FC6F3E7F8106F5D0C5DF5E27598AE4DF5BE5BED93AF78D895B8E5A8BF35D5BC70D2CC54339C821003AE6610DFB12617C004B3ADDBC87C29094727D836DB5E1AED9CA2F2E39C11D0E6711C169BDB4AB668E0BDC179D81FA86B2E0422FE5D870F7B6A7C5CB45957296F2BFD03","","0","0","0","EAS04A,CHK_PERCENT_UP:A","EAS04A,CHK_TOTAL_MSG_RCV:A","EAS04A,CHK_MESSAGES_GOOD:A","EAS04A,CHK_MESSAGES_BAD:A","EAS04A,CHK_TIMEOUTS:A","EAS04A,CHK_TOTAL_MSG_SNT:A","","","","","","","0","0","","0","0","10.115.3.36","3001","","27","0","","","0","","4001","","0","0","","","0","","0","","","0","","0","0","","0","","","","","0","0","0","0","0","0","0","0","0","0","0","0","0","0","0","0","0","0","0","0","0","0","0","0","0","1","0","0","0","0","0","0","0","0","0","0","0","0","0","0","1","T=H;0000000000000000000000000000000000000000000000000000000000000000","0","",""
"15","EAS04B_PRI","Primary RTU device","0","0","SYS$,EAS04B_PRI_RTU:S","EASLEY_PRIMARY","2","","T=HZ;F2000000EC0100004D91D16E83300C45DF27ED5B0AA3D2A44A3C186250361333DB54DDFEFF43669234AA78B9E7DA89AFC3C5E2861B821E8263F7FE76896B62C1D355836DCFDE060FBC6332CD0444010CC6ABEBD9847E0EA05C58406D67A2B1EF9D508425E367AE45C2D05050D1F2215E967358D6E19C19826438DD09F435155378C9F187C22690345AE454DA626A97F1F4D53FC547135D53AD3874E35055EBBB963EFD8EBB5F89AB44FB2DA9A699930953C97028420CB8B8417CC7925C01134CBE6E25F7F54CD8678275F5EDB5D2C6291A3FCF3901AD394E86D9E7D6922F1A78AB70ECFE07CA9A33816A7ED7EEE65F898FB3556BD0DB70AB957F","","0","0","0","EAS04B,PRI_PERCENT_UP:A","EAS04B,PRI_TOTAL_MSG_RCV:A","EAS04B,PRI_MESSAGES_GOOD:A","EAS04B,PRI_MESSAGES_BAD:A","EAS04B,PRI_TIMEOUTS:A","EAS04B,PRI_TOTAL_MSG_SNT:A","","","","","","","0","0","","0","0","10.115.3.37","3001","","28","0","","","0","","0","","0","0","","","0","","0","","","0","","0","0","","0","","","","","0","0","0","0","0","0","0","0","0","0","0","0","0","0","0","0","0","0","0","0","0","0","0","0","0","1","0","0","0","0","0","0","0","0","0","0","0","0","0","0","1","T=H;0000000000000000000000000000000000000000000000000000000000000000","0","",""
"16","EAS04B_CHK","Check RTU device","0","0","SYS$,EAS04B_CHK_RTU:S","EASLEY_CHECK","2","","T=HZ;F2000000ED0100004D91416E84300C45F7957A9681CE48952AB130C4A0B426A6B119B5BDFF41EA389968048BFFBE9DF81B2E1A77DC11E4CC380DAF2F97B825CE585C51D80FF776F8C13B261527200AA030DD4C2F9AE9FB04F2C20AA207134DE368843973767CF75A240C1D330AAA1FE2752DC35C87323384EC50DC19E439155378CAF18799354392A891536D8BA95FC6F3E7F8106F5D0C5DF5E27598AE4DF5BE5BED93AF78D895B8E5A8BF35D5BC70D2CC54339C821003AE6610DFB12617C004B3ADDBC87C29094727D836DB5E1AED9CA2F2E39C11D0E6711C169BDB4AB668E0BDC179D81FA86B2E0422FE5D870F7B6A7C5CB45957296F2BFD03","","0","0","0","EAS04B,CHK_PERCENT_UP:A","EAS04B,CHK_TOTAL_MSG_RCV:A","EAS04B,CHK_MESSAGES_GOOD:A","EAS04B,CHK_MESSAGES_BAD:A","EAS04B,CHK_TIMEOUTS:A","EAS04B,CHK_TOTAL_MSG_SNT:A","","","","","","","0","0","","0","0","10.115.3.38","3001","","29","0","","","0","","0","","0","0","","","0","","0","","","0","","0","0","","0","","","","","0","0","0","0","0","0","0","0","0","0","0","0","0","0","0","0","0","0","0","0","0","0","0","0","0","1","0","0","0","0","0","0","0","0","0","0","0","0","0","0","1","T=H;0000000000000000000000000000000000000000000000000000000000000000","0","",""
"17","EAS05_PRI","Primary RTU device","0","0","SYS$,EAS05_PRI_RTU:S","EASLEY_PRIMARY","2","","T=HZ;D4000000BF0100004D914D72C3300885F79DE95992D4DD66812DACA145C2059C697AFF83543FB626BBF73D103C4617A78409C176C5FBF5FDED42318B6275CD216DCD4BF08B0FCC6E8D80398043D38B2BFFECC00D5630DF843BA0AAE8A01588310C5434F4A6645DEBAEA6435D198236A8EE0CF61A4A38BCC4F8431557C8464E927B1BE5314CE6AFDB293E86B80E358AD3F0A6D1F7D93DFBA6AD8CC4A8E4CF9E6A5E24BB0AF70CBB2150C0B5182C0FECC90D30C35CCE3DA8F85613DE1A418CE57A3B28492697F35D21E0789F4E58CADEA3540E0D920ED8B7F201EDCC7F","","0","0","0","EAS05,PRI_PERCENT_UP:A","EAS05,PRI_TOTAL_MSG_RCV:A","EAS05,PRI_MESSAGES_GOOD:A","EAS05,PRI_MESSAGES_BAD:A","EAS05,PRI_TIMEOUTS:A","EAS05,PRI_TOTAL_MSG_SNT:A","","","","","","","0","0","","0","0","10.115.3.39","3001","","30","0","","","0","","0","","0","0","","","0","","0","","","0","","0","0","","0","","","","","0","0","0","0","0","0","0","0","0","0","0","0","0","0","0","0","0","0","0","0","0","0","0","0","0","1","0","0","0","0","0","0","0","0","0","0","0","0","0","0","1","T=H;0000000000000000000000000000000000000000000000000000000000000000","0","",""
"18","EAS05_CHK","Check RTU device","0","0","SYS$,EAS05_CHK_RTU:S","EASLEY_CHECK","2","","T=HZ;D4000000BF0100004D914D72C3300885F79DE95992D4DD66812DACA145C2059C697AFF83543FB626BBF73D103C4617A78409C176C5FBF5FDED42318B6275CD216DCD4BF08B0FCC6E8D80398043D38B2BFFECC00D5630DF843BA0AAE8A01588310C5434F4A6645DEBAEA6435D198236A8EE0CF61A4A38BCC4F8431557C8464E927B1BE5314CE6AFDB293E86B80E358AD3F0A6D1F7D93DFBA6AD8CC4A8E4CF9E6A5E24BB0AF70CBB2150C0B5182C0FECC90D30C35CCE3DA8F85613DE1A418CE57A3B28492697F35D21E0789F4E58CADEA3540E0D920ED8B7F201EDCC7F","","0","0","0","EAS05,CHK_PERCENT_UP:A","EAS05,CHK_TOTAL_MSG_RCV:A","EAS05,CHK_MESSAGES_GOOD:A","EAS05,CHK_MESSAGES_BAD:A","EAS05,CHK_TIMEOUTS:A","EAS05,CHK_TOTAL_MSG_SNT:A","","","","","","","0","0","","0","0","10.115.3.40","3001","","31","0","","","0","","0","","0","0","","","0","","0","","","0","","0","0","","0","","","","","0","0","0","0","0","0","0","0","0","0","0","0","0","0","0","0","0","0","0","0","0","0","0","0","0","1","0","0","0","0","0","0","0","0","0","0","0","0","0","0","1","T=H;0000000000000000000000000000000000000000000000000000000000000000","0","",""
"19","EAS06_PRI","Primary RTU device","0","0","SYS$,EAS06_PRI_RTU:S","EASLEY_PRIMARY","2","","T=HZ;F0000000EB0100004D91416E84300C45F7957A96814E67D191581862505A27A6B619B5BDFF416A128846D9F87D3BFCEF70B1983021E8263874AF2F97B86416DC5535486BD12602D5958986EEEEC7151E3F71B222F5F79B9FB30144010C86DEEB19F418B939A1084BC18FD28B84A1A1A0A2152F9EE7DDBCFA9AD0F7065420EC81429002FBC808FA1C9929E003B369D112FC3CD11F0A9B40D6689173BD1473F3F16DFAB3786B45D7AAD6BC36EDDAE6DEABA65F71F54FE222D17E6BC671E26CC254336C8A1003CE2E103FB0EEA18019467F89835CD73D615F0896C51F460F4A9CA3F179CF096819AE274CEE7BB47CD1C0E9806DF5FF51D6FC07","","0","0","0","EAS06,PRI_PERCENT_UP:A","EAS06,PRI_TOTAL_MSG_RCV:A","EAS06,PRI_MESSAGES_GOOD:A","EAS06,PRI_MESSAGES_BAD:A","EAS06,PRI_TIMEOUTS:A","EAS06,PRI_TOTAL_MSG_SNT:A","","","","","","","0","0","","0","0","10.115.3.41","3001","","32","0","","","0","","0","","0","0","","","0","","0","","","0","","0","0","","0","","","","","0","0","0","0","0","0","0","0","0","0","0","0","0","0","0","0","0","0","0","0","0","0","0","0","0","1","0","0","0","0","0","0","0","0","0","0","0","0","0","0","1","T=H;0000000000000000000000000000000000000000000000000000000000000000","0","",""
"20","EAS06_CHK","Check RTU device","0","0","SYS$,EAS06_CHK_RTU:S","EASLEY_CHECK","2","","T=HZ;F0000000EB0100004D91416EC4300845F7957A96493A9D4547CA82C424728B4D0A64D4F6FE0729711C6BE40DEFF3E50FF6C562C284A09BE0D0BDBE5CE292597057D520AD459B085457261ABABB1F5778FCC4C98AD4DF6F7ECE06100530187AAF67D06AB939A1084BC18FD28B84A1A1A0A2952C9EE73DFCC835A1EF0DA840D8070A410AEC9611F47964A6800FCCA6454BF0F344364E9C4D980EFC436113C81A2D722ED2A60831E0EC1EE2071E2931E6368B6FDC9FC55B2BBA56B5E6B569D7E67B3F34FD8AAB5F898B44FB3D14C00CA3BF44254FD67DA4BE102C8B3F8C564A9CA3B154A713D0325C4F98FCCEDAF2CD02A70ADBEAFF5156F807","","0","0","0","EAS06,CHK_PERCENT_UP:A","EAS06,CHK_TOTAL_MSG_RCV:A","EAS06,CHK_MESSAGES_GOOD:A","EAS06,CHK_MESSAGES_BAD:A","EAS06,CHK_TIMEOUTS:A","EAS06,CHK_TOTAL_MSG_SNT:A","","","","","","","0","0","","0","0","10.115.3.42","3001","","33","0","","","0","","0","","0","0","","","0","","0","","","0","","0","0","","0","","","","","0","0","0","0","0","0","0","0","0","0","0","0","0","0","0","0","0","0","0","0","0","0","0","0","0","1","0","0","0","0","0","0","0","0","0","0","0","0","0","0","1","T=H;0000000000000000000000000000000000000000000000000000000000000000","0","",""
"21","GAF01A_PRI","Primary RTU device","0","0","SYS$,GAF01A_PRI_RTU:S","GAFFNEY_PRIMARY","2","","T=HZ;F5000000EE0100004D51CB6AC4300CBC17FA2D9B74170A0B3928B112DC2A562A294BDBFFFF90CA8F9A051F6646F248635F2CEEB823E829380DAF2F97B82516CCAA1AEC47D176F8C60726D3C278FEC0C50E269AC6FB55F319FCDC730D8802184C37C78B097D9D40E592CD0B2713A6EAB1823687D1198AB014FA5E6A9130742AA86875F0BAE6BD0A0E79BD10A49ABB3A833E07600A4F2BFFA2B009248D163915E954841870F595881F588D624C7D82C71CFFC15B074347BD781DA66B43BDEF56FBF4331E6E899B44FBA90A6082D9F335E69335AF341606DBE671B5B19D533496D6E90C682BA30A59DCB3953C59E0BD91F3F01FA8111602D5F29043FD9F3F","","0","0","0","","","","","","","","","","","","","0","0","","0","0","10.10.4.31","3001","","40","0","","","0","","0","","0","0","","","0","","0","","","0","","0","0","","0","","","","","0","0","0","0","0","0","0","0","0","0","0","0","0","0","0","0","0","0","0","0","0","0","0","0","0","1","0","0","0","0","0","0","0","0","0","0","0","0","0","0","1","T=H;0000000000000000000000000000000000000000000000000000000000000000","0","",""
"22","GAF01A_CHK","Check RTU device","0","0","SYS$,GAF01A_CHK_RTU:S","GAFFNEY_CHECK","2","","T=HZ;F5000000EE0100004D51CB4EC4300CBC23F12DDBB27B61A51EDCC6AD026E5C6C7705FCFF87E03C8856CA6166EC8C3DC9C5E28E3B829E82D3F0FA72895B62C1ACAAC17E146D876F7C60322D8CE70F5CEC60A269BC5F359FC1CF3DD7802880C17473BC98D0D709542ED9BC703261AA1E2B6873189DA1084BA1EFA5160943A7828A5607AF6BDEABE090D70B41AAB9AB33E87300A6F0B4F22F0A9B40D2689153914E458801575F89F881D528C6D42778CCF11FBC753074D48BD761BA36D4FB6EB54F3FE3E196B849B49FAA0026983D5F633E59F34A6361B06D1E571BDB394563699DCE80B632AA90C53D5BC99305DE1B390FFF811A6121502D0F39D4FFF903","","0","0","0","","","","","","","","","","","","","0","0","","0","0","10.10.4.32","3001","","41","0","","","0","","0","","0","0","","","0","","0","","","0","","0","0","","0","","","","","0","0","0","0","0","0","0","0","0","0","0","0","0","0","0","0","0","0","0","0","0","0","0","0","0","1","0","0","0","0","0","0","0","0","0","0","0","0","0","0","1","T=H;0000000000000000000000000000000000000000000000000000000000000000","0","",""
"23","GAF01B_PRI","Primary RTU device","0","0","SYS$,GAF01B_PRI_RTU:S","GAFFNEY_PRIMARY","2","","T=HZ;F5000000EE0100004D51CB4EC4300CBC23F12DDBB27B61A51EDCC6AD026E5C6C7705FCFF87E03C8856CA6166EC8C3DC9C5E28E3B829E82D3F0FA72895B62C1ACAAC17E146D876F7C60322D8CE70F5CEC60A269BC5F359FC1CF3DD7802880C17473BC98D0D709542ED9BC703261AA1E2B6873189DA1084BA1EFA5160943A7828A5607AF6BDEABE090D70B41AAB9AB33E87300A6F0B4F22F0A9B40D2689153914E458801575F89F881D528C6D42778CCF11FBC753074D48BD761BA36D4FB6EB54F3FE3E196B849B49FAA0026983D5F633E59F34A6361B06D1E571BDB394563699DCE80B632AA90C53D5BC99305DE1B390FFF811A6121502D0F39D4FFF903","","0","0","0","","","","","","","","","","","","","0","0","","0","0","10.10.4.33","3001","","42","0","","","0","","0","","0","0","","","0","","0","","","0","","0","0","","0","","","","","0","0","0","0","0","0","0","0","0","0","0","0","0","0","0","0","0","0","0","0","0","0","0","0","0","1","0","0","0","0","0","0","0","0","0","0","0","0","0","0","1","T=H;0000000000000000000000000000000000000000000000000000000000000000","0","",""
"24","GAF01B_CHK","Check RTU device","0","0","SYS$,GAF01B_CHK_RTU:S","GAFFNEY_CHECK","2","","T=HZ;F3000000ED0100004D51CB6EC43008BC57EAB76CD2DD4B2BE5406212B9252605B2DAF6FF3FA4F8516BE51C6606320CF6C5E28E3B829E82D3F0FA72895B62C1ACAAC17E146D8707DE319916C6F3272E7630D1347E5C357F433E5E02A20006D3CDF16242DF2750F9C7E685930953B558419BC1E80C45580A7D2FB548183A1554B43A775D73AC82434E178254735767D0E7FC4CE129F12F0A9B40D2689153914E458801578F447CC76A1463EA137CCBF11FBC753074D48BD761BA36D4FB6EB54FBFE2E196B849B49FAA0026987DBFC67CB2E6486361B06DBEAE36B6738AC6D23A9D016D6554218B7BB6926F16786FE43CFC05EA0A0B816AB9C8F63E7F","","0","0","0","","","","","","","","","","","","","0","0","","0","0","10.10.4.34","3001","","43","0","","","0","","0","","0","0","","","0","","0","","","0","","0","0","","0","","","","","0","0","0","0","0","0","0","0","0","0","0","0","0","0","0","0","0","0","0","0","0","0","0","0","0","1","0","0","0","0","0","0","0","0","0","0","0","0","0","0","1","T=H;0000000000000000000000000000000000000000000000000000000000000000","0","",""
"25","GAF02_PRI","Primary RTU device","0","0","SYS$,GAF02_PRI_RTU:S","GAFFNEY_PRIMARY","2","","T=HZ;F6000000EE0100004D51CB4EC4300CBC23F12DDBD2E5C04A3DB88D5B0592B8D8EE6AE1FF3F04E741B4520E336367EC492EEA2346043919E7E1F5E5E2F7448C59158578142DC203EF98540AA3E513573D288479BC4D92CF60E7966B10820385F96A78550EDF278472499795923285EAB18134877763C84C5CE847A9F980AE534641AD83B72DEF55B0CBEB39C7D5DCD405E4390005F7B4F22F32294312AF9E52914E41F00E375B29D01DAB91F7A94FB098E33F78EB60E8A817A7619E1AEA7DD7DA275FFE304BDCD9EB4F5500132C96AF319B2C79A5B130D8778B2B8D454A5E895BA731087B1955C86A9EAD64C91CC546CEC37EA04658038894871CEAFFFC01","","0","0","0","","","","","","","","","","","","","0","0","","0","0","10.10.4.35","3001","","44","0","","","0","","0","","0","0","","","0","","0","","","0","","0","0","","0","","","","","0","0","0","0","0","0","0","0","0","0","0","0","0","0","0","0","0","0","0","0","0","0","0","0","0","1","0","0","0","0","0","0","0","0","0","0","0","0","0","0","1","T=H;0000000000000000000000000000000000000000000000000000000000000000","0","",""
"26","GAF02_CHK","Check RTU device","0","0","SYS$,GAF02_CHK_RTU:S","GAFFNEY_CHECK","2","","T=HZ;F2000000EE0100004D514B4EC4300CDD23719669E9B060A42EDCC6AD02495C6C773470FF83E07C8846CAE27D1CFB39B9A88F1811E4649C87D7978BDF1331665514E251B4080FBC6352290C4270A0305F0DAFCAE1FB84500C5D564ACA146ADD06A20785308FEFC69099B8D08FE2F980AE5346412D9768DBF2EC825D8EE01CD7E6A62E20CF2129B8A758BFC8A40C49BC7A4A453A05C13BDC2C52A03BD646DEA73E8196CFF11FBC753074D4CD6998A7867ADDB5D6C9973FAC25EEECF5A72A800916DBAF319B2C39D25818ECBBAD2B8D454A5E895BA531087B1955C86A3D9B659B398A8D9C87FD405F01D7F6CEB749F219ECDCB2B7061029D650953F","","0","0","0","","","","","","","","","","","","","0","0","","0","0","10.10.4.36","3001","","45","0","","","0","","0","","0","0","","","0","","0","","","0","","0","0","","0","","","","","0","0","0","0","0","0","0","0","0","0","0","0","0","0","0","0","0","0","0","0","0","0","0","0","0","1","0","0","0","0","0","0","0","0","0","0","0","0","0","0","1","T=H;0000000000000000000000000000000000000000000000000000000000000000","0","",""
"27","GRE02A_PRI","Primary RTU device","0","0","SYS$,GRE02A_PRI_RTU:S","GREER_PRIMARY","2","","","","0","0","0","","","","","","","","","","","","","0","0","","0","0","10.10.5.31","3001","","50","0","","","0","","0","","0","0","","","0","","0","","","0","","0","0","","0","","","","","0","0","0","0","0","0","0","0","0","0","0","0","0","0","0","0","0","0","0","0","0","0","0","0","0","1","0","0","0","0","0","0","0","0","0","0","0","0","0","0","0","T=H;0000000000000000000000000000000000000000000000000000000000000000","0","",""
"28","GRE02A_CHK","Check RTU device","0","0","SYS$,GRE02A_CHK_RTU:S","GREER_CHECK","2","","","","0","0","0","","","","","","","","","","","","","0","0","","0","0","10.10.5.32","3001","","51","0","","","0","","0","","0","0","","","0","","0","","","0","","0","0","","0","","","","","0","0","0","0","0","0","0","0","0","0","0","0","0","0","0","0","0","0","0","0","0","0","0","0","0","1","0","0","0","0","0","0","0","0","0","0","0","0","0","0","0","T=H;0000000000000000000000000000000000000000000000000000000000000000","0","",""
"29","GRE02B_PRI","Primary RTU device","0","0","SYS$,GRE02B_PRI_RTU:S","GREER_PRIMARY","2","","","","0","0","0","","","","","","","","","","","","","0","0","","0","0","10.10.5.33","3001","","52","0","","","0","","0","","0","0","","","0","","0","","","0","","0","0","","0","","","","","0","0","0","0","0","0","0","0","0","0","0","0","0","0","0","0","0","0","0","0","0","0","0","0","0","1","0","0","0","0","0","0","0","0","0","0","0","0","0","0","0","T=H;0000000000000000000000000000000000000000000000000000000000000000","0","",""
"30","GRE02B_CHK","Check RTU device","0","0","SYS$,GRE02B_CHK_RTU:S","GREER_CHECK","2","","","","0","0","0","","","","","","","","","","","","","0","0","","0","0","10.10.5.34","3001","","53","0","","","0","","0","","0","0","","","0","","0","","","0","","0","0","","0","","","","","0","0","0","0","0","0","0","0","0","0","0","0","0","0","0","0","0","0","0","0","0","0","0","0","0","1","0","0","0","0","0","0","0","0","0","0","0","0","0","0","0","T=H;0000000000000000000000000000000000000000000000000000000000000000","0","",""
"31","GRE03A_PRI","Primary RTU device","0","0","SYS$,GRE03A_PRI_RTU:S","GREER_PRIMARY","2","","","","0","0","0","","","","","","","","","","","","","0","0","","0","0","10.10.5.35","3001","","54","0","","","0","","0","","0","0","","","0","","0","","","0","","0","0","","0","","","","","0","0","0","0","0","0","0","0","0","0","0","0","0","0","0","0","0","0","0","0","0","0","0","0","0","1","0","0","0","0","0","0","0","0","0","0","0","0","0","0","0","T=H;0000000000000000000000000000000000000000000000000000000000000000","0","",""
"32","GRE03A_CHK","Check RTU device","0","0","SYS$,GRE03A_CHK_RTU:S","GREER_CHECK","2","","T=HZ;C30000007E0100004D8FD18EC2400845DF4DFC165B5D1F34E903ED50332B1D2A50B3BBFFFF214BA94E0C2FF71E98E172B03CE184A08B60D7EC77877C2B2CB8523598E6600381EACC445D73F572C2FD370E16A8BD9EBDDE0D204A60D0B5AE47D0D7C8D91D8AB084BD442F13A66A05152D76F138AECBB7BD26F45880C2A435504A12661DE9413F2333257C62310D36C1CF87FB436113289A2D73D91EE552F7F835ED5B1CAB68AAAACD5365A73AF7B531BDE7D9BFC49B64FB0DB228424E388A1FC94F7C05EF072EE62882FD03","","0","0","0","GRE03A,CHK_PERCENT_UP:A","GRE03A,CHK_TOTAL_MSG_RCV:A","GRE03A,CHK_MESSAGES_GOOD:A","GRE03A,CHK_MESSAGES_BAD:A","GRE03A,CHK_TIMEOUTS:A","GRE03A,CHK_TOTAL_MSG_SNT:A","","","","","","","0","0","","0","0","10.10.5.36","3001","","55","0","","","0","","0","","0","0","","","0","","0","","","0","","0","0","","0","","","","","0","0","0","0","0","0","0","0","0","0","0","0","0","0","0","0","0","0","0","0","0","0","0","0","0","1","0","0","0","0","0","0","0","0","0","0","0","0","0","0","1","T=H;0000000000000000000000000000000000000000000000000000000000000000","0","",""
"33","GRE03B_PRI","Primary RTU device","0","0","SYS$,GRE03B_PRI_RTU:S","GREER_PRIMARY","2","","","","0","0","0","","","","","","","","","","","","","0","0","","0","0","10.10.5.37","3001","","56","0","","","0","","0","","0","0","","","0","","0","","","0","","0","0","","0","","","","","0","0","0","0","0","0","0","0","0","0","0","0","0","0","0","0","0","0","0","0","0","0","0","0","0","1","0","0","0","0","0","0","0","0","0","0","0","0","0","0","0","T=H;0000000000000000000000000000000000000000000000000000000000000000","0","",""
"34","GRE03B_CHK","Check RTU device","0","0","SYS$,GRE03B_CHK_RTU:S","GREER_CHECK","2","","","","0","0","0","","","","","","","","","","","","","0","0","","0","0","10.10.5.38","3001","","57","0","","","0","","0","","0","0","","","0","","0","","","0","","0","0","","0","","","","","0","0","0","0","0","0","0","0","0","0","0","0","0","0","0","0","0","0","0","0","0","0","0","0","0","1","0","0","0","0","0","0","0","0","0","0","0","0","0","0","0","T=H;0000000000000000000000000000000000000000000000000000000000000000","0","",""
"35","GRE04A_PRI","Primary RTU device","0","0","SYS$,GRE04A_PRI_RTU:S","GREER_PRIMARY","2","","","","0","0","0","","","","","","","","","","","","","0","0","","0","0","10.10.5.39","3001","","58","0","","","0","","0","","0","0","","","0","","0","","","0","","0","0","","0","","","","","0","0","0","0","0","0","0","0","0","0","0","0","0","0","0","0","0","0","0","0","0","0","0","0","0","1","0","0","0","0","0","0","0","0","0","0","0","0","0","0","0","T=H;0000000000000000000000000000000000000000000000000000000000000000","0","",""
"36","GRE04A_CHK","Check RTU device","0","0","SYS$,GRE04A_CHK_RTU:S","GREER_CHECK","2","","","","0","0","0","","","","","","","","","","","","","0","0","","0","0","10.10.5.40","3001","","59","0","","","0","","0","","0","0","","","0","","0","","","0","","0","0","","0","","","","","0","0","0","0","0","0","0","0","0","0","0","0","0","0","0","0","0","0","0","0","0","0","0","0","0","1","0","0","0","0","0","0","0","0","0","0","0","0","0","0","0","T=H;0000000000000000000000000000000000000000000000000000000000000000","0","",""
"37","GRE04B_PRI","Primary RTU device","0","0","SYS$,GRE04B_PRI_RTU:S","GREER_PRIMARY","2","","","","0","0","0","","","","","","","","","","","","","0","0","","0","0","10.10.5.41","3001","","60","0","","","0","","0","","0","0","","","0","","0","","","0","","0","0","","0","","","","","0","0","0","0","0","0","0","0","0","0","0","0","0","0","0","0","0","0","0","0","0","0","0","0","0","1","0","0","0","0","0","0","0","0","0","0","0","0","0","0","0","T=H;0000000000000000000000000000000000000000000000000000000000000000","0","",""
"38","GRE04B_CHK","Check RTU device","0","0","SYS$,GRE04B_CHK_RTU:S","GREER_CHECK","2","","","","0","0","0","","","","","","","","","","","","","0","0","","0","0","10.10.5.42","3001","","61","0","","","0","","0","","0","0","","","0","","0","","","0","","0","0","","0","","","","","0","0","0","0","0","0","0","0","0","0","0","0","0","0","0","0","0","0","0","0","0","0","0","0","0","1","0","0","0","0","0","0","0","0","0","0","0","0","0","0","0","T=H;0000000000000000000000000000000000000000000000000000000000000000","0","",""
"39","LAU03_PRI","Primary RTU device","0","0","SYS$,LAU03_PRI_RTU:S","LAURENS_PRIMARY","2","","T=HZ;D6000000BF0100004D91416E03310845F7957296249D6EB360C68C4583CD1498A8E9FD0F528FED58D9FDF741F01167A78409C176C5DBE5F471A69845F170CD216DD54BF08B0FCC6E9580398043D58B2BFFECC0157C5E24BB0AB7BE15CC37E1564355D1412B106318A868E855C9BA1EABAB0E478210B4CD2EEE0CF69E5138BCA5FA431557C8464E92ABB51B02055C4B229607B64144796C90F9FBFA129F435C861AC56978D3E8FB6A9EDD692B23312AF9B3398019E6725FA7B2D98E48D74A106339D73A25C9E4A2BDB31070BC4D2F58CACC5E2A9705491DF6AD3CA09EF00F","","0","0","0","","","","","","","","","","","","","0","0","","0","0","10.115.6.31","3001","","74","0","","","0","","0","","0","0","","","0","","0","","","0","","0","0","","0","","","","","0","0","0","0","0","0","0","0","0","0","0","0","0","0","0","0","0","0","0","0","0","0","0","0","0","1","0","0","0","0","0","0","0","0","0","0","0","0","0","0","1","T=H;0000000000000000000000000000000000000000000000000000000000000000","0","",""
"40","LAU03_CHK","Check RTU device","0","0","SYS$,LAU03_CHK_RTU:S","LAURENS_CHECK","2","","T=HZ;D6000000BF0100004D91416E03310845F7957296249D6EB360C68C4583CD1498A8E9FD0F528FED58D9FDF741F01167A78409C176C5DBE5F471A69845F170CD216DD54BF08B0FCC6E9580398043D58B2BFFECC0157C5E24BB0AB7BE15CC37E1564355D1412B106318A868E855C9BA1EABAB0E478210B4CD2EEE0CF69E5138BCA5FA431557C8464E92ABB51B02055C4B229607B64144796C90F9FBFA129F435C861AC56978D3E8FB6A9EDD692B23312AF9B3398019E6725FA7B2D98E48D74A106339D73A25C9E4A2BDB31070BC4D2F58CACC5E2A9705491DF6AD3CA09EF00F","","0","0","0","","","","","","","","","","","","","0","0","","0","0","10.115.6.32","3001","","75","0","","","0","","0","","0","0","","","0","","0","","","0","","0","0","","0","","","","","0","0","0","0","0","0","0","0","0","0","0","0","0","0","0","0","0","0","0","0","0","0","0","0","0","1","0","0","0","0","0","0","0","0","0","0","0","0","0","0","1","T=H;0000000000000000000000000000000000000000000000000000000000000000","0","",""
"41","LAU04A_PRI","Primary RTU device","0","0","SYS$,LAU04A_PRI_RTU:S","LAURENS_PRIMARY","2","","T=HZ;F2000000EE0100004D514B6EC43008DD57EA5926E9CCA62365416212B9754C0A64D4F6FE0729C6AE359217EF83E1615F34EEB823C8C9380DAF2F97B865622CAA28EC876B3B7CE303B38A33482980C27433BC28A7AF13921B3A2F949529D5BA15440F4A691A4763C84CECF4DDBD983074CA28A87E89D6B5CC761C4A8410B836377506790E49293CC5FA452665C812355276E914841870B548891E581BC598FB049A3FC67FF0D6C1D05137AFC3746DA8D7DD6A9D7CC6C35AE2C6517FAA029861B6FD1AB3C952228DCE60DB6C5D696CA71C95B8551A83B4F928278BF56C966D16686FE43CEC07FA0AB8B477BE5FA59CC1CEBD784B0211B786AAFC01","","0","0","0","","","","","","","","","","","","","0","0","","0","0","10.115.6.33","3001","","76","0","","","0","","0","","0","0","","","0","","0","","","0","","0","0","","0","","","","","0","0","0","0","0","0","0","0","0","0","0","0","0","0","0","0","0","0","0","0","0","0","0","0","0","1","0","0","0","0","0","0","0","0","0","0","0","0","0","0","1","T=H;0000000000000000000000000000000000000000000000000000000000000000","0","",""
"42","LAU04A_CHK","Check RTU device","0","0","SYS$,LAU04A_CHK_RTU:S","LAURENS_CHECK","2","","T=HZ;F0000000ED0100004D514B4EC4300CDD2371966999D980D485DBB85520898BED8E06EE7F101C3744A374F13EAEFD9C5C3466CC0872304EC3EBCB256E8518AB2A0A79772DC303EF58549C414A0114A69BE145397D1F90DCD079A1A24CE9AC5B4174A794A6713486CCC44EDFDD8B0943A78C82EA3FD1BAD6D98E438D10029FCD4D9D419E43520A4FB17E9149198A448D545C3A0421065C2D52A23B9E8D622C7D02CD9FE33F78EB60E8A89BD761BA36D4EB6E679D7CC5DD5AE2C6517F4E05B0C06CFB356693A5461A9DC1B6D9BAD258A61295B8551A83B4F928278BF56C966D16283772ECF6027D055CDA3D7F5CA57E433DF5711288B8D3943F","","0","0","0","","","","","","","","","","","","","0","0","","0","0","10.115.6.34","3001","","77","0","","","0","","0","","0","0","","","0","","0","","","0","","0","0","","0","","","","","0","0","0","0","0","0","0","0","0","0","0","0","0","0","0","0","0","0","0","0","0","0","0","0","0","1","0","0","0","0","0","0","0","0","0","0","0","0","0","0","1","T=H;0000000000000000000000000000000000000000000000000000000000000000","0","",""
"43","LAU04B_PRI","Primary RTU device","0","0","SYS$,LAU04B_PRI_RTU:S","LAURENS_PRIMARY","2","","T=HZ;D6000000BF0100004D91416E03310845F7957296249D6EB360C68C4583CD1498A8E9FD0F528FED58D9FDF741F01167A78409C176C5DBE5F471A69845F170CD216DD54BF08B0FCC6E9580398043D58B2BFFECC0157C5E24BB0AB7BE15CC37E1564355D1412B106318A868E855C9BA1EABAB0E478210B4CD2EEE0CF69E5138BCA5FA431557C8464E92ABB51B02055C4B229607B64144796C90F9FBFA129F435C861AC56978D3E8FB6A9EDD692B23312AF9B3398019E6725FA7B2D98E48D74A106339D73A25C9E4A2BDB31070BC4D2F58CACC5E2A9705491DF6AD3CA09EF00F","","0","0","0","","","","","","","","","","","","","0","0","","0","0","10.115.6.35","3001","","78","0","","","0","","0","","0","0","","","0","","0","","","0","","0","0","","0","","","","","0","0","0","0","0","0","0","0","0","0","0","0","0","0","0","0","0","0","0","0","0","0","0","0","0","1","0","0","0","0","0","0","0","0","0","0","0","0","0","0","1","T=H;0000000000000000000000000000000000000000000000000000000000000000","0","",""
"44","LAU04B_CHK","Check RTU device","0","0","SYS$,LAU04B_CHK_RTU:S","LAURENS_CHECK","2","","T=HZ;F1000000EB0100004D91416EC4300845F7957A96493A9D4547CA82C424726B9B14C8A8EDFD0F524C126BE40DEF63C3FFF24563C68C201BE3D0BDBE5CE25288B1AAA29057D732FCE0038B8AD3944064A59486EE6EC7141A3F715297FAFBCDCED9809402280C7D7DA69CBE37483E630639EEDF8C9099D8F1C37B316168C828A8FE88E6B9FAF23A547B21B043554790E70094C293E53F64528622512315973641880167B63DF4C07D508CA56DB050FD59BCB5A26B556B5E9B766DF7DE774DBEE26A2371E1A8BFBBD571A2A2B67437268005468B7B901991EAB0778265B1F47250A61295F8B869046919AE274CB6E26859D040F9806DB51FF044FF","","0","0","0","","","","","","","","","","","","","0","0","","0","0","10.115.6.36","3001","","79","0","","","0","","0","","0","0","","","0","","0","","","0","","0","0","","0","","","","","0","0","0","0","0","0","0","0","0","0","0","0","0","0","0","0","0","0","0","0","0","0","0","0","0","1","0","0","0","0","0","0","0","0","0","0","0","0","0","0","1","T=H;0000000000000000000000000000000000000000000000000000000000000000","0","",""
"45","NEW02_PRI","Primary Q1000 meter","0","0","SYS$,NEW02_PRI_RTU:S","X_MOONBEAM","2","","T=HZ;A6000000520100004D8E410E82400C45F7269E0514B72E0AD321D532C5B610F5FE071166E284DDFBAF4DFB1BA70927045B14EFEDF9D4D0984471B7E630CDD94DF0C615935B4EC01CC021F3E0CAAF053807EF0749AEC2652F82F92C5C66A82A5A5304620C352A1A7A2689717F9D39EC0D42D0727BB33DD8B1A37038B4FAA28A2B24232749592D864001E3D68865C5728828D50FD23F2E7FB856682BD561575D57F76EC5D993E6ED248E4AFED9CD0F","","0","0","0","","","","","","","","","","","","","0","0","","0","0","10.10.7.31","3001","","2","0","","","0","","0","","0","0","","","0","","0","","","0","","0","0","","0","","","","","0","0","0","0","0","0","0","0","0","0","0","0","0","0","0","0","0","0","0","0","0","0","0","0","0","1","0","0","0","0","0","0","0","0","0","0","0","0","0","0","1","T=H;0000000000000000000000000000000000000000000000000000000000000000","0","",""
"46","NEW02_CHK","Check Q1000 meter","0","0","SYS$,NEW02_CHK_RTU:S","X_MOONBEAM","2","","T=HZ;A6000000520100004D8E410E82400C45F7269E0514B72E0AD321D532C5B610F5FE071166E284DDFBAF4DFB1BA70927045B14EFEDF9D4D0984471B7E630CDD94DF0C615935B4EC01CC021F3E0CAAF053807EF0749AEC2652F82F92C5C66A82A5A5304620C352A1A7A2689717F9D39EC0D42D0727BB33DD8B1A37038B4FAA28A2B24232749592D864001E3D68865C5728828D50FD23F2E7FB856682BD561575D57F76EC5D993E6ED248E4AFED9CD0F","","0","0","0","","","","","","","","","","","","","0","0","","0","0","10.10.7.32","3001","","3","0","","","0","","0","","0","0","","","0","","0","","","0","","0","0","","0","","","","","0","0","0","0","0","0","0","0","0","0","0","0","0","0","0","0","0","0","0","0","0","0","0","0","0","1","0","0","0","0","0","0","0","0","0","0","0","0","0","0","1","T=H;0000000000000000000000000000000000000000000000000000000000000000","0","",""
"47","NEW03_PRI","Primary Q1000 meter","0","0","SYS$,NEW03_PRI_RTU:S","X_MOONBEAM","2","","T=HZ;9E000000430100004D8E4112C2300845F7CE7816AB75EB821AD24193508176D4FB1FC4868E99EEDE7F307C4E46193382CE82B7EE7838D15858B05A35C893BB0C6F5CB0987A8294021838DF4DD26B86E42182DAC4690B28C2D252044A185A145434278EB17639875A198278A87600DD3FC529ECDEF8A2B0091425232EAE6645A08051D61E5E703B44545A030F8FF31F2E0DBA466DD837D7B7BDEBE6F449D37A124721FB54F303","","0","0","0","","","","","","","","","","","","","0","0","","0","0","10.10.7.33","3001","","4","0","","","0","","0","","0","0","","","0","","0","","","0","","0","0","","0","","","","","0","0","0","0","0","0","0","0","0","0","0","0","0","0","0","0","0","0","0","0","0","0","0","0","0","1","0","0","0","0","0","0","0","0","0","0","0","0","0","0","1","T=H;0000000000000000000000000000000000000000000000000000000000000000","0","",""
"48","NEW03_CHK","Check Q1000 meter","0","0","SYS$,NEW03_CHK_RTU:S","X_MOONBEAM","2","","T=HZ;9E000000430100004D8E4112C2300845F7CE7816AB75EB821AD24193508176D4FB1FC4868E99EEDE7F307C4E46193382CE82B7EE7838D15858B05A35C893BB0C6F5CB0987A8294021838DF4DD26B86E42182DAC4690B28C2D252044A185A145434278EB17639875A198278A87600DD3FC529ECDEF8A2B0091425232EAE6645A08051D61E5E703B44545A030F8FF31F2E0DBA466DD837D7B7BDEBE6F449D37A124721FB54F303","","0","0","0","","","","","","","","","","","","","0","0","","0","0","10.10.7.34","3001","","5","0","","","0","","0","","0","0","","","0","","0","","","0","","0","0","","0","","","","","0","0","0","0","0","0","0","0","0","0","0","0","0","0","0","0","0","0","0","0","0","0","0","0","0","1","0","0","0","0","0","0","0","0","0","0","0","0","0","0","1","T=H;0000000000000000000000000000000000000000000000000000000000000000","0","",""
"49","NEW04_PRI","Primary Q1000 meter","0","0","SYS$,NEW04_PRI_RTU:S","X_MOONBEAM","2","","T=HZ;930000002E0100004D8EC10EC2300840EF267ECBA6F3EA8159BAA06D99C08CF3FF3F44DB45B2DB7BAF84D21965CC08BA085EFBE3A1A3A9B060AD6A90E7D632BCF185C5B419A414C0A0F1CD243D17484D22A8CD9C36411116B7089430B80A2A5A238EB1FED538D42F439026B58EA0FBA33885DD191F143681A264C4651BA3E2CB78BC9FFE7076E89DFC71F036F8DC656BFAA0F9B71227215B6BF902","","0","0","0","","","","","","","","","","","","","0","0","","0","0","10.10.7.35","3001","","6","0","","","0","","0","","0","0","","","0","","0","","","0","","0","0","","0","","","","","0","0","0","0","0","0","0","0","0","0","0","0","0","0","0","0","0","0","0","0","0","0","0","0","0","1","0","0","0","0","0","0","0","0","0","0","0","0","0","0","0","T=H;0000000000000000000000000000000000000000000000000000000000000000","0","",""
"50","NEW04_CHK","Check Q1000 meter","0","0","SYS$,NEW04_CHK_RTU:S","X_MOONBEAM","2","","T=HZ;930000002E0100004D8EC10EC2300840EF267ECBA6F3EA8159BAA06D99C08CF3FF3F44DB45B2DB7BAF84D21965CC08BA085EFBE3A1A3A9B060AD6A90E7D632BCF185C5B419A414C0A0F1CD243D17484D22A8CD9C36411116B7089430B80A2A5A238EB1FED538D42F439026B58EA0FBA33885DD191F143681A264C4651BA3E2CB78BC9FFE7076E89DFC71F036F8DC656BFAA0F9B71227215B6BF902","","0","0","0","","","","","","","","","","","","","0","0","","0","0","10.10.7.36","3001","","7","0","","","0","","0","","0","0","","","0","","0","","","0","","0","0","","0","","","","","0","0","0","0","0","0","0","0","0","0","0","0","0","0","0","0","0","0","0","0","0","0","0","0","0","1","0","0","0","0","0","0","0","0","0","0","0","0","0","0","0","T=H;0000000000000000000000000000000000000000000000000000000000000000","0","",""
"51","ROC10_PRI","Primary RTU device","0","0","SYS$,ROC10_PRI_RTU:S","ROCK-HILL_PRIMARY","2","","T=HZ;C20000007E0100004D4FCB6EC2400CBC57EAB79014388094839375908BB34E6D0701FFFF21ECA3AC902F33637B3CDE392DB820D8A63874DF5F3BBA4451CCAA392C6BD1803980C3D0273C83F92ACC437F4C0C55450B3D951E318646150DBD18C83C67C7822757FEDB800B09F94A085A481E19C13E730807BC6174ABAB0C66C5BE3BA7CAC6E32F4EFF79CEC754EFC602F78FC527AAB84234729258FD29B648C9A57F839F06BA865A73DFB47D9B3B54CDAEB4264BBC28F9A3BE334E125D856B86CD1028E09C04961B96975F","","0","0","0","ROC10,PRI_PERCENT_UP:A","ROC10,PRI_TOTAL_MSG_RCV:A","ROC10,PRI_MESSAGES_GOOD:A","ROC10,PRI_MESSAGES_BAD:A","ROC10,PRI_TIMEOUTS:A","ROC10,PRI_TOTAL_MSG_SNT:A","","","","","","","0","0","","0","0","192.168.11.31","3001","","84","0","","","0","","0","","0","0","","","0","","0","","","0","","0","0","","0","","","","","0","0","0","0","0","0","0","0","0","0","0","0","0","0","0","0","0","0","0","0","0","0","0","0","0","1","0","0","0","0","0","0","0","0","0","0","0","0","0","0","1","T=H;0000000000000000000000000000000000000000000000000000000000000000","0","",""
"52","ROC10_CHK","Check RTU device","0","0","SYS$,ROC10_CHK_RTU:S","ROCK-HILL_CHECK","2","","T=HZ;C30000007E0100004D8F416EC3400845F7957A96D84DB368242FB00747B47870014769EE7F908C996614B1F9FFC10C9F83D3820B826D8A43F7FE76A04B16C59D9AC3B2069B18CC56611EBA73A94264FCC6C903F5E753A967039813380C7DD133D8FFC8A93854150DFB153D624CCD2A1A7AEC9279DE97D7BDAEFCBB0187497BA09434CC3E3282BD46164E78C5EC166C81DB8BBBA38A2B642327C9F511E5B6A75CD33FC547135D53AD796CECD8E63E2BB31F5ACB977851F2BF9A719C24BB0AD70C9B2150C2B900962BC61D0F","","0","0","0","ROC10,CHK_PERCENT_UP:A","ROC10,CHK_TOTAL_MSG_RCV:A","ROC10,CHK_MESSAGES_GOOD:A","ROC10,CHK_MESSAGES_BAD:A","ROC10,CHK_TIMEOUTS:A","ROC10,CHK_TOTAL_MSG_SNT:A","","","","","","","0","0","","0","0","192.168.11.32","3001","","85","0","","","0","","0","","0","0","","","0","","0","","","0","","0","0","","0","","","","","0","0","0","0","0","0","0","0","0","0","0","0","0","0","0","0","0","0","0","0","0","0","0","0","0","1","0","0","0","0","0","0","0","0","0","0","0","0","0","0","1","T=H;0000000000000000000000000000000000000000000000000000000000000000","0","",""
"53","ROC11_PRI","Primary RTU device","0","0","SYS$,ROC11_PRI_RTU:S","ROCK-HILL_PRIMARY","2","","T=HZ;F2000000EB0100004D91C16EC3300886EF93F62C4DD7F6B04A39909844DE6C9301A9BABDFF838C10C7AA7CF9BF1F8C019F3466CC08B232F6DDFBDB29CE8518375714F2E25E86273EB0A838414A0114FAABE95139FDAC903C3081E84229F5E79B1132133B7E7A2C260C0D1905D52FD1346D8FB90EDB9B21B0C3E60E20AF5D510A2F7DFC21933214891AA9EC69B1B462347C9D0FF1D144D7540B5EBAFE5255CBBBEE79F21D172B893347FD75674C20E26374773B7B368E75EEFBCDCE11D061A4A24C696F77158418703223D103F72105B0C0609BA964BE6CC39C9D609E6D51522953894AC73D2348B377EE305A8B35643B09942BAC8B7D966FE41F","","0","0","0","ROC11,PRI_PERCENT_UP:A","ROC11,PRI_TOTAL_MSG_RCV:A","ROC11,PRI_MESSAGES_GOOD:A","ROC11,PRI_MESSAGES_BAD:A","ROC11,PRI_TIMEOUTS:A","ROC11,PRI_TOTAL_MSG_SNT:A","","","","","","","0","0","","0","0","192.168.11.33","3001","","86","0","","","0","","0","","0","0","","","0","","0","","","0","","0","0","","0","","","","","0","0","0","0","0","0","0","0","0","0","0","0","0","0","0","0","0","0","0","0","0","0","0","0","0","1","0","0","0","0","0","0","0","0","0","0","0","0","0","0","1","T=H;0000000000000000000000000000000000000000000000000000000000000000","0","",""
"54","ROC11_CHK","Check RTU device","0","0","SYS$,ROC11_CHK_RTU:S","ROCK-HILL_CHECK","2","","T=HZ;F2000000EB0100004D91D16E83300C45DF27ED5B4AD7F661957830C4A06C266676A8BAFDFF87CC3821AAF2E273ED70AFC329C7051704DD04FBEEFDED14E7C482BBAA1996D5B591407565A2BEBBDB3185872F1CB34BE7FBCDCED100A20019FAABD513681DB919A1088BE3A7F722616828A898DD8BA769372FBE59E8670372087BA010C4611F19405F2333057C60CAEADA02CF17FA43E12C9034E6C8A95C8AA9F9D836E7A3F86845D7AAD6BC74FDA5566DEE5AE6F43BAEF6499C25E6DF9271183965612A19364588012713881F58F650C00483BD4425D3754F78768279B687D14A0BA798F9B86704347B1C87D17C6BCB160DBC54D856FB1FBEE63F","","0","0","0","ROC11,CHK_PERCENT_UP:A","ROC11,CHK_TOTAL_MSG_RCV:A","ROC11,CHK_MESSAGES_GOOD:A","ROC11,CHK_MESSAGES_BAD:A","ROC11,CHK_TIMEOUTS:A","ROC11,CHK_TOTAL_MSG_SNT:A","","","","","","","0","0","","0","0","192.168.11.34","3001","","87","0","","","0","","0","","0","0","","","0","","0","","","0","","0","0","","0","","","","","0","0","0","0","0","0","0","0","0","0","0","0","0","0","0","0","0","0","0","0","0","0","0","0","0","1","0","0","0","0","0","0","0","0","0","0","0","0","0","0","1","T=H;0000000000000000000000000000000000000000000000000000000000000000","0","",""
"55","PMPAGEN_RTAC","PMPA Office Generator RTAC","0","0","SYS$,PMPAGEN_RTU:S","PMPA_GENERATOR","2","","T=HZ;F0000000EA0100004D91D16EC3200C45DF2BF55BDA24EB4BA53C38C1416C8033DBA9B6FDFF87CC810455BCDC7301FB626E1A122604D918C7FBF5720B3E13E3EE8A425A8B07313A50287A01D195622C80CCC48D1608115D4346412D8A96652F5874821F7C615629342BC7EF0DEA05B7B7748E0BEC172690F75014DDDBD53F6452862C4103E5626D82101C2E6C11E885B55008B935A7E9B31BFB2AFAD3E9EF4D75A71A9A37B4731FD593AFB05A49F41CF4B7469D66CA6A4D6B3001CC30D9240EB220B227EC0A81F736183928510E4A7C9C3482E8C7E184D95A1C5BF65047E9806DB5EFA82F9A238894913F9EB66A529CEB1775CFC7B9AE977F","","0","0","0","","","","","","","","","","","","","0","0","","0","0","10.115.0.26","20000","","151","0","","","0","","20000","","0","0","","","0","","0","","","0","","0","0","","0","","","","","0","0","0","0","0","0","0","0","0","0","0","0","0","0","0","0","0","0","0","0","0","0","0","0","0","1","0","0","0","0","0","0","0","0","0","0","0","0","0","0","1","T=H;0000000000000000000000000000000000000000000000000000000000000000","0","",""
"56","NEW06B_CHK","Check RTU device","0","0","SYS$,NEW06B_CHK_RTU:S","NEWBERRY_CHECK","2","","T=HZ;F0000000EB0100004D91416E84300C45F7957A96814E67D19158186250DA24A6B619B5BDFF416A4C8846D9F87D9BFCEF70D1983123C8C63874AF2F97B81462DC5551C8AB6B53029195521ABABB1D5368FCC4495DEAEF373B6703520AA030F456CF2075E46684CCC48E1FDE8B0943434641752F9AE7DDFCF0554EDF1B2487B0070A811DF69111E43932A5800F2C2AAE65F879A23F64528622512395E3A3589A8F6DD39FC55B2BBA56B5E6B569D736F77E68F21557BB12178EFAEBCA260831E0CCB6243DB0061F272A6AD2114C000B8CF612956C4CF684BD132C8B3D8C54CA54A212D7492348CB703D6132DFDAB24503E50ADB6AFFC3D7FC07","","0","0","0","","","","","","","","","","","","","0","0","","0","0","10.115.7.38","3001","","715","0","","","0","","0","","0","0","","","0","","0","","","0","","0","0","","0","","","","","0","0","0","0","0","0","0","0","0","0","0","0","0","0","0","0","0","0","0","0","0","0","0","0","0","1","0","0","0","0","0","0","0","0","0","0","0","0","0","0","1","T=H;0000000000000000000000000000000000000000000000000000000000000000","0","",""
"57","ROC05_PRI","Primary RTU device","0","0","SYS$,ROC05_PRI_RTU:S","ROCK-HILL_PRIMARY","2","","T=HZ;9F000000430100004D8F410EC2300C04EF48BC8542B9727089531992B8D86E05FCFF2134AE887A9BD958F6E664943123E82C78EB8E87138D85056BAA0679F22CC31B172CA66E90520003E7BB497ACD905C22A84D9C3641119666112861682AA8684E1C63BDE51CEAC910C4A5A603E8BE14A7B0ABF1456113284A465CB6312A6D190F8FF31F2E0DBA46EDB16F59DFE6AE5BA64F9AD695380AD9C7935911286094F527BCA057FD01","","0","0","0","ROC05,PRI_PERCENT_UP:A","ROC05,PRI_TOTAL_MSG_RCV:A","ROC05,PRI_MESSAGES_GOOD:A","ROC05,PRI_MESSAGES_BAD:A","ROC05,PRI_TIMEOUTS:A","ROC05,PRI_TOTAL_MSG_SNT:A","","","","","","","0","0","","0","0","192.168.11.37","3001","","90","0","","","0","","0","","0","0","","","0","","0","","","0","","0","0","","0","","","","","0","0","0","0","0","0","0","0","0","0","0","0","0","0","0","0","0","0","0","0","0","0","0","0","0","1","0","0","0","0","0","0","0","0","0","0","0","0","0","0","1","T=H;0000000000000000000000000000000000000000000000000000000000000000","0","",""
"58","ROC05_CHK","Check RTU device","0","0","SYS$,ROC05_CHK_RTU:S","ROCK-HILL_CHECK","2","","T=HZ;F6000000F00100004D91DD6E83300C85EF2BF5590A6BA54995B830C4A06C2166B6A9BABDFF83CC316954918BF3F92F27E6A271C5154176C6A13B9F2E71C9C458A2A2B06E1E5BE1890FCC2A4E90520085E1667A524E3F3B244FCC20BA514A43DF1B2133B1E3A7E762C2D0905150BD89E6B95CE63A943B436087121D41DE5D510A6F3EFE904919B2448D948FB298DB301ABFFA97F868A26BAA25AFDD70ADAAD5DD8E3AF98E9B8DC485A3FE7A6417841870667B093D905F0D38D5A7DFAF524E574F79C83851566B386C0B6086D19651C98648F1DF3BC1B2D86EA4D24A392A71AD3482B4B85987C95CD594AD21D05A61DFECFF1C4B981288B8B1EE6EDFF9F40F","","0","0","0","ROC05,CHK_PERCENT_UP:A","ROC05,CHK_TOTAL_MSG_RCV:A","ROC05,CHK_MESSAGES_GOOD:A","ROC05,CHK_MESSAGES_BAD:A","ROC05,CHK_TIMEOUTS:A","ROC05,CHK_TOTAL_MSG_SNT:A","","","","","","","0","0","","0","0","192.168.11.38","3001","","91","0","","","0","","0","","0","0","","","0","","0","","","0","","0","0","","0","","","","","0","0","0","0","0","0","0","0","0","0","0","0","0","0","0","0","0","0","0","0","0","0","0","0","0","1","0","0","0","0","0","0","0","0","0","0","0","0","0","0","1","T=H;0000000000000000000000000000000000000000000000000000000000000000","0","",""
"59","ROC06_PRI","Primary RTU device","0","0","SYS$,ROC06_PRI_RTU:S","ROCK-HILL_PRIMARY","2","","T=HZ;F2000000EB0100004D91416EC4300845F7957A96493AD34547CA82C424726B9B14C8A8EDFD0F52421C6BE4CD7F1F8C015F3466CC08B2310EDDEBCB252E8518775714F2EA5E861F7C605171829402280C37D39372FADE20796006D195521AFA7723642676FCF0584C181A320AAA5FA279DE1F731DF637436087DD1D419EBBA2149EFAF84326652812355239D26269C568FCEC4FF1D644D7540B5EBBE15A55CBBB1D79F215572B890B47FD75674A20E26374773B47364E75EEFBD5CE19D071A2A24CE96877138418703623D1038F2105B0C0689BA964BEECC3F44EB02CB628A994A944A5F39E11A4C53B7798ACC51AB29D04CA15B6D53ECB37F20F","","0","0","0","ROC06,PRI_PERCENT_UP:A","ROC06,PRI_TOTAL_MSG_RCV:A","ROC06,PRI_MESSAGES_GOOD:A","ROC06,PRI_MESSAGES_BAD:A","ROC06,PRI_TIMEOUTS:A","ROC06,PRI_TOTAL_MSG_SNT:A","","","","","","","0","0","","0","0","192.168.11.39","3001","","92","0","","","0","","0","","0","0","","","0","","0","","","0","","0","0","","0","","","","","0","0","0","0","0","0","0","0","0","0","0","0","0","0","0","0","0","0","0","0","0","0","0","0","0","1","0","0","0","0","0","0","0","0","0","0","0","0","0","0","1","T=H;0000000000000000000000000000000000000000000000000000000000000000","0","",""
"60","ROC06_CHK","Check RTU device","0","0","SYS$,ROC06_CHK_RTU:S","ROCK-HILL_CHECK","2","","T=HZ;F3000000EB0100004D91416EC4300845F7957A96499AE9A22365416212B9B54D0A64D4F6FE0729211E6BE4CD7F80F1075F3466CC08B2338EDDEBCB25AE85188FA828E4CD63197EF08E45C509520AA0305E4DCFCAE97B87E4890544374A69ECDF8D9099D8F1C373316168C828A87E8996E578CC7538DE0C811D8EE804F2EC8A5278F2F1874CCA50246AA47296C5D29AD1F4D93FC45B135D532D3974E35055ABBB9E75F215376B892B47FDF5C82E0831E0C23609DDF1B43A2710F1D9BA9B9DB305CE7519B7C1CE23A1D34C45EDF639830016986C3395ACA31CC3F44EB0AEB628A994A94425AE9546905677EE309BC59AB29D04CA15F6CD3ECB37F20F","","0","0","0","ROC06,CHK_PERCENT_UP:A","ROC06,CHK_TOTAL_MSG_RCV:A","ROC06,CHK_MESSAGES_GOOD:A","ROC06,CHK_MESSAGES_BAD:A","ROC06,CHK_TIMEOUTS:A","ROC06,CHK_TOTAL_MSG_SNT:A","","","","","","","0","0","","0","0","192.168.11.40","3001","","93","0","","","0","","0","","0","0","","","0","","0","","","0","","0","0","","0","","","","","0","0","0","0","0","0","0","0","0","0","0","0","0","0","0","0","0","0","0","0","0","0","0","0","0","1","0","0","0","0","0","0","0","0","0","0","0","0","0","0","1","T=H;0000000000000000000000000000000000000000000000000000000000000000","0","",""
"61","UNI01_PRI","Primary RTU device","0","0","SYS$,UNI01_PRI_RTU:S","UNION","2","","T=HZ;D6000000BF0100004D91416E03310845F7957296249D6EB360C68C4583CD1498A8E9FD0F528FED58D9FDF741F01167A78409C176C5DBE5F471A69845F170CD216DD54BF08B0FCC6E9580398043D58B2BFFECC0157C5E24BB0AB7BE15CC37E1564355D1412B106318A868E855C9BA1EABAB0E478210B4CD2EEE0CF69E5138BCA5FA431557C8464E92ABB51B02055C4B229607B64144796C90F9FBFA129F435C861AC56978D3E8FB6A9EDD692B23312AF9B3398019E6725FA7B2D98E48D74A106339D73A25C9E4A2BDB31070BC4D2F58CACC5E2A9705491DF6AD3CA09EF00F","","0","0","0","UNI01,PRI_PERCENT_UP:A","UNI01,PRI_TOTAL_MSG_RCV:A","UNI01,PRI_MESSAGES_GOOD:A","UNI01,PRI_MESSAGES_BAD:A","UNI01,PRI_TIMEOUTS:A","UNI01,PRI_TOTAL_MSG_SNT:A","","","","","","","0","0","","0","0","10.115.9.31","3001","","100","0","","","0","","0","","0","0","","","0","","0","","","0","","0","0","","0","","","","","0","0","0","0","0","0","0","0","0","0","0","0","0","0","0","0","0","0","0","0","0","0","0","0","0","1","0","0","0","0","0","0","0","0","0","0","0","0","0","0","1","T=H;0000000000000000000000000000000000000000000000000000000000000000","0","",""
"62","UNI01_CHK","Check RTU device","0","0","SYS$,UNI01_CHK_RTU:S","UNION","2","","T=HZ;F4000000ED0100004D51CB4EC4300CBC23F12DDBB2CB01A41EDCC6AD026E5C6C7705FCFF87E03C8856E96166EC8EC7C9C5E28E3B829E82D3F0FC74895B62C1ACAAC17E146D876FBC63322D8CE70F5CEC60A2697CBF6AFE867CBC0444010CA69BE3C584BE4EA0F28FCD0B2713A66AB1823683576728C252E85BA945C2D0A9A0A2D5B9EB9A63151C72BA10A49ABB3A833EE6670A0F897F51D80492468B9C8A742A420CB87A24E23B56A318539FE05B8EFFE0A583A1A35EBC0ED3B5A1DE77AB7DFA190FB7C44DA2FD540530C1ECFB35E69335471A0B836DF375B5B19D533496D6E90C682BA30A59DCB3957CB3C07B23E7E12F5057580854CB45B6F7F903","","0","0","0","UNI01,CHK_PERCENT_UP:A","UNI01,CHK_TOTAL_MSG_RCV:A","UNI01,CHK_MESSAGES_GOOD:A","UNI01,CHK_MESSAGES_BAD:A","UNI01,CHK_TIMEOUTS:A","UNI01,CHK_TOTAL_MSG_SNT:A","","","","","","","0","0","","0","0","10.115.9.32","3001","","101","0","","","0","","0","","0","0","","","0","","0","","","0","","0","0","","0","","","","","0","0","0","0","0","0","0","0","0","0","0","0","0","0","0","0","0","0","0","0","0","0","0","0","0","1","0","0","0","0","0","0","0","0","0","0","0","0","0","0","1","T=H;0000000000000000000000000000000000000000000000000000000000000000","0","",""
"63","UNI04_PRI","Primary RTU device","0","0","SYS$,UNI04_PRI_RTU:S","UNION","2","","T=HZ;F2000000EE0100004D514B6EC43008DD57EA5926E9CCA62365416212B9754C0A64D4F6FE0729C6AE359217EF83E1615F34EEB823C8C9380DAF2F97B865622CAA28EC876B3B7CE303B38A33482980C27433BC28A7AF13921B3A2F949529D5BA15440F4A691A4763C84CECF4DDBD983074CA28A87E89D6B5CC761C4A8410B836377506790E49293CC5FA452665C812355276E914841870B548891E581BC598FB049A3FC67FF0D6C1D05137AFC3746DA8D7DD6A9D7CC6C35AE2C6517FAA029861B6FD1AB3C952228DCE60DB6C5D696CA71C95B8551A83B4F928278BF56C966D16686FE43CEC07FA0AB8B477BE5FA59CC1CEBD784B0211B786AAFC01","","0","0","0","UNI04,PRI_PERCENT_UP:A","UNI04,PRI_TOTAL_MSG_RCV:A","UNI04,PRI_MESSAGES_GOOD:A","UNI04,PRI_MESSAGES_BAD:A","UNI04,PRI_TIMEOUTS:A","UNI04,PRI_TOTAL_MSG_SNT:A","","","","","","","0","0","","0","0","10.115.9.33","3001","","102","0","","","0","","0","","0","0","","","0","","0","","","0","","0","0","","0","","","","","0","0","0","0","0","0","0","0","0","0","0","0","0","0","0","0","0","0","0","0","0","0","0","0","0","1","0","0","0","0","0","0","0","0","0","0","0","0","0","0","1","T=H;0000000000000000000000000000000000000000000000000000000000000000","0","",""
"64","UNI04_CHK","Check RTU device","0","0","SYS$,UNI04_CHK_RTU:S","UNION","2","","T=HZ;F0000000ED0100004D514B4EC4300CDD2371966999D980D485DBB85520898BED8E06EE7F101C3744A374F13EAEFD9C5C3466CC0872304EC3EBCB256E8518AB2A0A79772DC303EF58549C414A0114A69BE145397D1F90DCD079A1A24CE9AC5B4174A794A6713486CCC44EDFDD8B0943A78C82EA3FD1BAD6D98E438D10029FCD4D9D419E43520A4FB17E9149198A448D545C3A0421065C2D52A23B9E8D622C7D02CD9FE33F78EB60E8A89BD761BA36D4EB6E679D7CC5DD5AE2C6517F4E05B0C06CFB356693A5461A9DC1B6D9BAD258A61295B8551A83B4F928278BF56C966D16283772ECF6027D055CDA3D7F5CA57E433DF5711288B8D3943F","","0","0","0","UNI04,CHK_PERCENT_UP:A","UNI04,CHK_TOTAL_MSG_RCV:A","UNI04,CHK_MESSAGES_GOOD:A","UNI04,CHK_MESSAGES_BAD:A","UNI04,CHK_TIMEOUTS:A","UNI04,CHK_TOTAL_MSG_SNT:A","","","","","","","0","0","","0","0","10.115.9.34","3001","","103","0","","","0","","0","","0","0","","","0","","0","","","0","","0","0","","0","","","","","0","0","0","0","0","0","0","0","0","0","0","0","0","0","0","0","0","0","0","0","0","0","0","0","0","1","0","0","0","0","0","0","0","0","0","0","0","0","0","0","1","T=H;0000000000000000000000000000000000000000000000000000000000000000","0","",""
"65","UNI06_PRI","Primary RTU device","0","0","SYS$,UNI06_PRI_RTU:S","UNION","2","","T=HZ;F2000000EE0100004D514B4EC4300CDD23719669E9B060A42EDCC6AD02495C6C773470FF83E07C8846CAE27D1CFB39B9A88F1811E4649C87D7978BDF1331665514E251B4080FBC6352290C4270A0305F0DAFCAE1FB84500C5D564ACA146ADD06A20785308FEFC69099B8D08FE2F980AE5346412D9768DBF2EC825D8EE01CD7E6A62E20CF2129B8A758BFC8A40C49BC7A4A453A05C13BDC2C52A03BD646DEA73E8196CFF11FBC753074D4CD6998A7867ADDB5D6C9973FAC25EEECF5A72A800916DBAF319B2C39D25818ECBBAD2B8D454A5E895BA531087B1955C86A3D9B659B398A8D9C87FD405F01D7F6CEB749F219ECDCB2B7061029D650953F","","0","0","0","UNI06,PRI_PERCENT_UP:A","UNI06,PRI_TOTAL_MSG_RCV:A","UNI06,PRI_MESSAGES_GOOD:A","UNI06,PRI_MESSAGES_BAD:A","UNI06,PRI_TIMEOUTS:A","UNI06,PRI_TOTAL_MSG_SNT:A","","","","","","","0","0","","0","0","10.115.9.35","3001","","104","0","","","0","","0","","0","0","","","0","","0","","","0","","0","0","","0","","","","","0","0","0","0","0","0","0","0","0","0","0","0","0","0","0","0","0","0","0","0","0","0","0","0","0","1","0","0","0","0","0","0","0","0","0","0","0","0","0","0","1","T=H;0000000000000000000000000000000000000000000000000000000000000000","0","",""
"66","UNI06_CHK","Check RTU device","0","0","SYS$,UNI06_CHK_RTU:S","UNION","2","","T=HZ;D6000000BF0100004D91416E03310845F7957296249D6EB360C68C4583CD1498A8E9FD0F528FED58D9FDF741F01167A78409C176C5DBE5F471A69845F170CD216DD54BF08B0FCC6E9580398043D58B2BFFECC0157C5E24BB0AB7BE15CC37E1564355D1412B106318A868E855C9BA1EABAB0E478210B4CD2EEE0CF69E5138BCA5FA431557C8464E92ABB51B02055C4B229607B64144796C90F9FBFA129F435C861AC56978D3E8FB6A9EDD692B23312AF9B3398019E6725FA7B2D98E48D74A106339D73A25C9E4A2BDB31070BC4D2F58CACC5E2A9705491DF6AD3CA09EF00F","","0","0","0","UNI06,CHK_PERCENT_UP:A","UNI06,CHK_TOTAL_MSG_RCV:A","UNI06,CHK_MESSAGES_GOOD:A","UNI06,CHK_MESSAGES_BAD:A","UNI06,CHK_TIMEOUTS:A","UNI06,CHK_TOTAL_MSG_SNT:A","","","","","","","0","0","","0","0","10.115.9.36","3001","","105","0","","","0","","0","","0","0","","","0","","0","","","0","","0","0","","0","","","","","0","0","0","0","0","0","0","0","0","0","0","0","0","0","0","0","0","0","0","0","0","0","0","0","0","1","0","0","0","0","0","0","0","0","0","0","0","0","0","0","1","T=H;0000000000000000000000000000000000000000000000000000000000000000","0","",""
"67","WES01_PRI","Primary RTU device","0","0","SYS$,WES01_PRI_RTU:S","WESTMINSTER","2","","T=HZ;A6000000520100004D8E410E82400C45F7269E0514B72E0AD321D532C5B610F5FE071166E284DDFBAF4DFB1BA70927045B14EFEDF9D4D0984471B7E630CDD94DF0C615935B4EC01CC021F3E0CAAF053807EF0749AEC2652F82F92C5C66A82A5A5304620C352A1A7A2689717F9D39EC0D42D0727BB33DD8B1A37038B4FAA28A2B24232749592D864001E3D68865C5728828D50FD23F2E7FB856682BD561575D57F76EC5D993E6ED248E4AFED9CD0F","","0","0","0","WES01,PRI_PERCENT_UP:A","WES01,PRI_TOTAL_MSG_RCV:A","WES01,PRI_MESSAGES_GOOD:A","WES01,PRI_MESSAGES_BAD:A","WES01,PRI_TIMEOUTS:A","WES01,PRI_TOTAL_MESSAGES_SNT:A","","","","","","","0","0","","0","0","10.10.17.31","3001","","108","0","","","0","","0","","0","0","","","0","","0","","","0","","0","0","","0","","","","","0","0","0","0","0","0","0","0","0","0","0","0","0","0","0","0","0","0","0","0","0","0","0","0","0","1","0","0","0","0","0","0","0","0","0","0","0","0","0","0","1","T=H;0000000000000000000000000000000000000000000000000000000000000000","0","",""
"68","WES01_CHK","Check RTU device","0","0","SYS$,WES01_CHK_RTU:S","WESTMINSTER","2","","T=HZ;A6000000520100004D8E410E82400C45F7269E0514B72E0AD321D532C5B610F5FE071166E284DDFBAF4DFB1BA70927045B14EFEDF9D4D0984471B7E630CDD94DF0C615935B4EC01CC021F3E0CAAF053807EF0749AEC2652F82F92C5C66A82A5A5304620C352A1A7A2689717F9D39EC0D42D0727BB33DD8B1A37038B4FAA28A2B24232749592D864001E3D68865C5728828D50FD23F2E7FB856682BD561575D57F76EC5D993E6ED248E4AFED9CD0F","","0","0","0","WES01,CHK_PERCENT_UP:A","WES01,CHK_TOTAL_MSG_RCV:A","WES01,CHK_MESSAGES_GOOD:A","WES01,CHK_MESSAGES_BAD:A","WES01,CHK_TIMEOUTS:A","WES01,CHK_TOTAL_MESSAGES_SNT:A","","","","","","","0","0","","0","0","10.10.17.32","3001","","109","0","","","0","","0","","0","0","","","0","","0","","","0","","0","0","","0","","","","","0","0","0","0","0","0","0","0","0","0","0","0","0","0","0","0","0","0","0","0","0","0","0","0","0","1","0","0","0","0","0","0","0","0","0","0","0","0","0","0","1","T=H;0000000000000000000000000000000000000000000000000000000000000000","0","",""
"69","Southern_RTU","ICCP from Southern","0","0","BOB,USEME:S","SOUTHERN","0","","","","0","0","0","","","","","","","","","","","","","0","0","","0","0","","0","","1","0","","","0","","0","","0","0","","","0","","0","","","0","","0","0","","0","","","","","0","0","0","0","0","0","0","0","0","0","6","0","0","60","0","0","0","1","1","0","0","1","0","0","0","1","0","0","0","0","0","0","0","0","0","0","0","0","0","0","1","T=H;0000000000000000000000000000000000000000000000000000000000000000","0","",""
"70","ROC07A_CHK","Check RTU device","0","0","SYS$,ROC07A_CHK_RTU:S","ROCK-HILL_CHECK","2","","T=HZ;A5000000520100004D8E410E82400C45F7269E0514B72E0AD321D532C5B610F5FE071166E284DDFBAF4DFB1BA70927045B14EFEDF9D4D0984471B7E630CDD94DF0C615935B4EC01CC021F3E0CAAF05388708E6B37009A82A5A5304620C352A1A7A268971FF9539EC2F43D01C76DB831D4B0987438D2FAAB84232729254D628D563D23F2E7FB856682BD561575D57F76EC5D993E6ED248E4AFE29ADFA4192AB70E9B01802058C9B60593137FF01","","0","0","0","ROC07A,CHK_PERCENT_UP:A","ROC07A,CHK_TOTAL_MSG_RCV:A","ROC07A,CHK_MESSAGES_GOOD:A","ROC07A,CHK_MESSAGES_BAD:A","ROC07A,CHK_TIMEOUTS:A","ROC07A,CHK_TOTAL_MSG_SNT:A","","","","","","","0","0","","0","0","192.168.11.42","3001","","95","0","","","0","","0","","0","0","","","0","","0","","","0","","0","0","","0","","","","","0","0","0","0","0","0","0","0","0","0","0","0","0","0","0","0","0","0","0","0","0","0","0","0","0","1","0","0","0","0","0","0","0","0","0","0","0","0","0","0","1","T=H;0000000000000000000000000000000000000000000000000000000000000000","0","",""
"71","ROC07A_PRI","Primary RTU device","0","0","SYS$,ROC07A_PRI_RTU:S","ROCK-HILL_PRIMARY","2","","T=HZ;A5000000520100004D8E410E82400C45F7269E0514B72E0AD321D532C5B610F5FE071166E284DDFBAF4DFB1BA70927045B14EFEDF9D4D0984471B7E630CDD94DF0C615935B4EC01CC021F3E0CAAF05388708E6B37009A82A5A5304620C352A1A7A268971FF9539EC2F43D01C76DB831D4B0987438D2FAAB84232729254D628D563D23F2E7FB856682BD561575D57F76EC5D993E6ED248E4AFE29ADFA4192AB70E9B01802058C9B60593137FF01","","0","0","0","ROC07A,PRI_PERCENT_UP:A","ROC07A,PRI_TOTAL_MSG_RCV:A","ROC07A,PRI_MESSAGES_GOOD:A","ROC07A,PRI_MESSAGES_BAD:A","ROC07A,PRI_TIMEOUTS:A","ROC07A,PRI_TOTAL_MSG_SNT:A","","","","","","","0","0","","0","0","192.168.11.41","3001","","94","0","","","0","","0","","0","0","","","0","","0","","","0","","0","0","","0","","","","","0","0","0","0","0","0","0","0","0","0","0","0","0","0","0","0","0","0","0","0","0","0","0","0","0","1","0","0","0","0","0","0","0","0","0","0","0","0","0","0","1","T=H;0000000000000000000000000000000000000000000000000000000000000000","0","",""
"72","ION8650_TEST","Primary RTU device","0","0","MOONBEAM,RTU_STATUS:S","ION8650_TEST","2","","T=HZ;EE000000EF0100004D91418E83300C45F7957A96C230AB4A5D1862905B27666C5375E6FE079990D0A8228BFFBE23FB3B5C9C224604DB146FDDF974A12589E2EE9A435C8B17E1854F4C6E8580398043D1932BFF6CC0057C9C24B90AD77B3398AFC2B586AAA28D6620C6D050D1D08B9279DE47171DF6042168ED9DDD11EC33A370F848F5872AAE908C9C24156B33040A38E7442C4FAC8D88529B20E3BD7F8BAF26BAA65A7168DED0EE7D57CF1EB4E696B828F96F7500138C79BF83F264DB23F5856059F2BA765094442E7ADCCC04BCDC86374CB9E751CA9B0589076C6BFE01758589C1AC3C646FD7726A3A9CEADBF7D5BC76FB773EFD03","","0","0","0","","","","","","","","","","","","","0","0","","0","0","10.115.0.27","3001","","100","0","","","0","","0","","0","0","","","0","","0","","","0","","0","0","","0","","","","","0","0","0","0","0","0","0","0","0","0","0","0","0","0","0","0","0","0","0","0","0","0","0","0","0","1","0","0","0","0","0","0","0","0","0","0","0","0","0","0","1","T=H;0000000000000000000000000000000000000000000000000000000000000000","0","",""
"73","GRE06_PRI","Primary RTU device","0","0","SYS$,GRE06_PRI_RTU:S","GREER_PRIMARY","2","","T=HZ;F4000000EE0100004D51414EC4300CBC23F1966DE97260A51EDCC6AD02495C6C77B5F0FF87E0BA215A258799B133F628178D193382EC8C63F7FA72896B21C6431585BCB996E181772C2ACEE604221BA53476373BA6D0F489B3BAD4DF06396E27B50629055018AFC74BE5F4BD43721B9D662ACA944ED705A43ABC1B436662A71F5E8B0943A38C82EA8F68598E4D1D8763E110F834377502798E44293C85F845266528123552716917841870B19512DDF1348AB1B40916B3FF076F0D740DB5E2D08D4345ADEF7AF6C957DCCC12578EFA732A800526CB57994D9663A5DE19ACABC595CA3295A8C4B5D318A4D5473999CDB3962C59A05CC9BED90F78843F","","0","0","0","","","","","","","","","","","","","0","0","","0","0","10.10.5.47","3001","","66","0","","","0","","0","","0","0","","","0","","0","","","0","","0","0","","0","","","","","0","0","0","0","0","0","0","0","0","0","0","0","0","0","0","0","0","0","0","0","0","0","0","0","0","1","0","0","0","0","0","0","0","0","0","0","0","0","0","0","1","T=H;0000000000000000000000000000000000000000000000000000000000000000","0","",""
"74","GRE06_CHK","Check RTU device","0","0","SYS$,GRE06_CHK_RTU:S","GREER_CHECK","2","","","","0","0","0","","","","","","","","","","","","","0","0","","0","0","10.10.5.48","3001","","67","0","","","0","","0","","0","0","","","0","","0","","","0","","0","0","","0","","","","","0","0","0","0","0","0","0","0","0","0","0","0","0","0","0","0","0","0","0","0","0","0","0","0","0","1","0","0","0","0","0","0","0","0","0","0","0","0","0","0","1","T=H;0000000000000000000000000000000000000000000000000000000000000000","0","",""
"75","GRE05A_PRI","Primary RTU device","0","0","SYS$,GRE05A_PRI_RTU:S","GREER_PRIMARY","2","","T=HZ;C30000007E0100004D8FC16EC3400844EF95FA2DB19BE6D0483E602F8E68F1E2028ED2FCFF87641737AB88CBCC63B4C31E9C165C106C531CBAF7B7035DB228566A0ECB1A6C62305B8579E8CE650A91F11B270FD49F4F659E0B604EE030F445CF60FF915371A82A1AF62B76C4989A5534F4E89279AEE57BAF2BFF6EC061523D28250D532323D8EBC9C209AF98DD822D707B713E4E925D85777B471557C8464E92036D864009E79261B9E2DE4294DB2DE5C7FD537C34D135D596C7C68E2DF7B933FBA1B53C891725FFABE401","","0","0","0","","","","","","","","","","","","","0","0","","0","0","10.10.5.43","3001","","62","0","","","0","","0","","0","0","","","0","","0","","","0","","0","0","","0","","","","","0","0","0","0","0","0","0","0","0","0","0","0","0","0","0","0","0","0","0","0","0","0","0","0","0","1","0","0","0","0","0","0","0","0","0","0","0","0","0","0","1","T=H;0000000000000000000000000000000000000000000000000000000000000000","0","",""
"76","GRE05A_CHK","Check RTU device","0","0","SYS$,GRE05A_CHK_RTU:S","GREER_CHECK","2","","T=HZ;C30000007E0100004D8FC16EC3400844EF95FA2DB19BE6D0483E602F8E68F1E2028ED2FCFF87641737AB88CBCC63B4C31E9C165C106C531CBAF7B7035DB228566A0ECB1A6C62305B8579E8CE650A91F11B270FD49F4F659E0B604EE030F445CF60FF915371A82A1AF62B76C4989A5534F4E89279AEE57BAF2BFF6EC061523D28250D532323D8EBC9C209AF98DD822D707B713E4E925D85777B471557C8464E92036D864009E79261B9E2DE4294DB2DE5C7FD537C34D135D596C7C68E2DF7B933FBA1B53C891725FFABE401","","0","0","0","","","","","","","","","","","","","0","0","","0","0","10.10.5.44","3001","","63","0","","","0","","0","","0","0","","","0","","0","","","0","","0","0","","0","","","","","0","0","0","0","0","0","0","0","0","0","0","0","0","0","0","0","0","0","0","0","0","0","0","0","0","1","0","0","0","0","0","0","0","0","0","0","0","0","0","0","1","T=H;0000000000000000000000000000000000000000000000000000000000000000","0","",""
"77","GRE05B_CHK","Check RTU device","0","0","SYS$,GRE05B_CHK_RTU:S","GREER_CHECK","2","","T=HZ;C30000007E0100004D8FC16EC3400844EF95FA2DB19BE6D0483E602F8E68F1E2028ED2FCFF87641737AB88CBCC63B4C31E9C165C106C531CBAF7B7035DB228566A0ECB1A6C62305B8579E8CE650A91F11B270FD49F4F659E0B604EE030F445CF60FF915371A82A1AF62B76C4989A5534F4E89279AEE57BAF2BFF6EC061523D28250D532323D8EBC9C209AF98DD822D707B713E4E925D85777B471557C8464E92036D864009E79261B9E2DE4294DB2DE5C7FD537C34D135D596C7C68E2DF7B933FBA1B53C891725FFABE401","","0","0","0","","","","","","","","","","","","","0","0","","0","0","10.10.5.46","3001","","65","0","","","0","","0","","0","0","","","0","","0","","","0","","0","0","","0","","","","","0","0","0","0","0","0","0","0","0","0","0","0","0","0","0","0","0","0","0","0","0","0","0","0","0","1","0","0","0","0","0","0","0","0","0","0","0","0","0","0","1","T=H;0000000000000000000000000000000000000000000000000000000000000000","0","",""
"78","GRE05B_PRI","Primary RTU device","0","0","SYS$,GRE05B_PRI_RTU:S","GREER_PRIMARY","2","","T=HZ;C30000007E0100004D8FC16EC3400844EF95FA2DB19BE6D0483E602F8E68F1E2028ED2FCFF87641737AB88CBCC63B4C31E9C165C106C531CBAF7B7035DB228566A0ECB1A6C62305B8579E8CE650A91F11B270FD49F4F659E0B604EE030F445CF60FF915371A82A1AF62B76C4989A5534F4E89279AEE57BAF2BFF6EC061523D28250D532323D8EBC9C209AF98DD822D707B713E4E925D85777B471557C8464E92036D864009E79261B9E2DE4294DB2DE5C7FD537C34D135D596C7C68E2DF7B933FBA1B53C891725FFABE401","","0","0","0","","","","","","","","","","","","","0","0","","0","0","10.10.5.45","3001","","64","0","","","0","","0","","0","0","","","0","","0","","","0","","0","0","","0","","","","","0","0","0","0","0","0","0","0","0","0","0","0","0","0","0","0","0","0","0","0","0","0","0","0","0","1","0","0","0","0","0","0","0","0","0","0","0","0","0","0","1","T=H;0000000000000000000000000000000000000000000000000000000000000000","0","",""
"79","GRE07A_PRI","Primary RTU device","0","0","SYS$,GRE07A_PRI_RTU:S","GREER_PRIMARY","2","","T=HZ;C30000007E0100004D8FC16EC3400844EF95FA2DB19BE6D0483E602F8E68F1E2028ED2FCFF87641737AB88CBCC63B4C31E9C165C106C531CBAF7B7035DB228566A0ECB1A6C62305B8579E8CE650A91F11B270FD49F4F659E0B604EE030F445CF60FF915371A82A1AF62B76C4989A5534F4E89279AEE57BAF2BFF6EC061523D28250D532323D8EBC9C209AF98DD822D707B713E4E925D85777B471557C8464E92036D864009E79261B9E2DE4294DB2DE5C7FD537C34D135D596C7C68E2DF7B933FBA1B53C891725FFABE401","","0","0","0","","","","","","","","","","","","","0","0","","0","0","10.10.5.49","3001","","68","0","","","0","","0","","0","0","","","0","","0","","","0","","0","0","","0","","","","","0","0","0","0","0","0","0","0","0","0","0","0","0","0","0","0","0","0","0","0","0","0","0","0","0","1","0","0","0","0","0","0","0","0","0","0","0","0","0","0","1","T=H;0000000000000000000000000000000000000000000000000000000000000000","0","",""
"80","GRE07A_CHK","Check RTU device","0","0","SYS$,GRE07A_CHK_RTU:S","GREER_CHECK","2","","T=HZ;C30000007E0100004D8F416EC3400845F7957A96D84DB368242FB00747B47870014769EE7F908C996614B1F9FFC10C9F83D3820B826D8A43F7FE76A04B16C59D9AC3B2069B18CC56611EBA73A94264FCC6C903F5E753A967039813380C7DD133D8FFC8A93854150DFB153D624CCD2A1A7AEC9279DE97D7BDAEFCBB0187497BA09434CC3E3282BD46164E78C5EC166C81DB8BBBA38A2B642327C9F511E5B6A75CD33FC547135D53AD796CECD8E63E2BB31F5ACB977851F2BF9A719C24BB0AD70C9B2150C2B900962BC61D0F","","0","0","0","GRE07A,CHK_PERCENT_UP:A","GRE07A,CHK_TOTAL_MSG_RCV:A","GRE07A,CHK_MESSAGES_GOOD:A","GRE07A,CHK_MESSAGES_BAD:A","GRE07A,CHK_TIMEOUTS:A","GRE07A,CHK_TOTAL_MSG_SNT:A","","","","","","","0","0","","0","0","10.10.5.50","3001","","69","0","","","0","","0","","0","0","","","0","","0","","","0","","0","0","","0","","","","","0","0","0","0","0","0","0","0","0","0","0","0","0","0","0","0","0","0","0","0","0","0","0","0","0","1","0","0","0","0","0","0","0","0","0","0","0","0","0","0","1","T=H;0000000000000000000000000000000000000000000000000000000000000000","0","",""
"81","GRE07B_PRI","Primary RTU device","0","0","SYS$,GRE07B_PRI_RTU:S","GREER_PRIMARY","2","","T=HZ;C30000007E0100004D8FC16EC3400844EF95FA2DB19BE6D0483E602F8E68F1E2028ED2FCFF87641737AB88CBCC63B4C31E9C165C106C531CBAF7B7035DB228566A0ECB1A6C62305B8579E8CE650A91F11B270FD49F4F659E0B604EE030F445CF60FF915371A82A1AF62B76C4989A5534F4E89279AEE57BAF2BFF6EC061523D28250D532323D8EBC9C209AF98DD822D707B713E4E925D85777B471557C8464E92036D864009E79261B9E2DE4294DB2DE5C7FD537C34D135D596C7C68E2DF7B933FBA1B53C891725FFABE401","","0","0","0","","","","","","","","","","","","","0","0","","0","0","10.10.5.51","3001","","70","0","","","0","","0","","0","0","","","0","","0","","","0","","0","0","","0","","","","","0","0","0","0","0","0","0","0","0","0","0","0","0","0","0","0","0","0","0","0","0","0","0","0","0","1","0","0","0","0","0","0","0","0","0","0","0","0","0","0","1","T=H;0000000000000000000000000000000000000000000000000000000000000000","0","",""
"82","GRE07B_CHK","Check RTU device","0","0","SYS$,GRE07B_CHK_RTU:S","GREER_CHECK","2","","T=HZ;C30000007E0100004D8FC16EC3400844EF95FA2DB19BE6D0483E602F8E68F1E2028ED2FCFF87641737AB88CBCC63B4C31E9C165C106C531CBAF7B7035DB228566A0ECB1A6C62305B8579E8CE650A91F11B270FD49F4F659E0B604EE030F445CF60FF915371A82A1AF62B76C4989A5534F4E89279AEE57BAF2BFF6EC061523D28250D532323D8EBC9C209AF98DD822D707B713E4E925D85777B471557C8464E92036D864009E79261B9E2DE4294DB2DE5C7FD537C34D135D596C7C68E2DF7B933FBA1B53C891725FFABE401","","0","0","0","","","","","","","","","","","","","0","0","","0","0","10.10.5.52","3001","","71","0","","","0","","0","","0","0","","","0","","0","","","0","","0","0","","0","","","","","0","0","0","0","0","0","0","0","0","0","0","0","0","0","0","0","0","0","0","0","0","0","0","0","0","1","0","0","0","0","0","0","0","0","0","0","0","0","0","0","1","T=H;0000000000000000000000000000000000000000000000000000000000000000","0","",""
"83","NEW05A_PRI","Primary RTU device","0","0","SYS$,NEW05A_PRI_RTU:S","NEWBERRY_PRIMARY","2","","T=HZ;F0000000EB0100004D91416E84300C45F7957A96814E67D191581862505A27A6B619B5BDFF416A128846D9F87D3BFCEF70B1983021E8263874AF2F97B86416DC5535486BD12602D5958986EEEEC7151E3F71B222F5F79B9FB30144010C86DEEB19F418B939A1084BC18FD28B84A1A1A0A2152F9EE7DDBCFA9AD0F7065420EC81429002FBC808FA1C9929E003B369D112FC3CD11F0A9B40D6689173BD1473F3F16DFAB3786B45D7AAD6BC36EDDAE6DEABA65F71F54FE222D17E6BC671E26CC254336C8A1003CE2E103FB0EEA18019467F89835CD73D615F0896C51F460F4A9CA3F179CF096819AE274CEE7BB47CD1C0E9806DF5FF51D6FC07","","0","0","0","","","","","","","","","","","","","0","0","","0","0","10.115.7.31","3001","","708","0","","","0","","0","","0","0","","","0","","0","","","0","","0","0","","0","","","","","0","0","0","0","0","0","0","0","0","0","0","0","0","0","0","0","0","0","0","0","0","0","0","0","0","1","0","0","0","0","0","0","0","0","0","0","0","0","0","0","1","T=H;0000000000000000000000000000000000000000000000000000000000000000","0","",""
"84","NEW05A_CHK","Check RTU device","0","0","SYS$,NEW05A_CHK_RTU:S","NEWBERRY_CHECK","2","","T=HZ;F0000000EB0100004D91416E84300C45F7957A96814E67D191581862505A27A6B619B5BDFF416A128846D9F87D3BFCEF70B1983021E8263874AF2F97B86416DC5535486BD12602D5958986EEEEC7151E3F71B222F5F79B9FB30144010C86DEEB19F418B939A1084BC18FD28B84A1A1A0A2152F9EE7DDBCFA9AD0F7065420EC81429002FBC808FA1C9929E003B369D112FC3CD11F0A9B40D6689173BD1473F3F16DFAB3786B45D7AAD6BC36EDDAE6DEABA65F71F54FE222D17E6BC671E26CC254336C8A1003CE2E103FB0EEA18019467F89835CD73D615F0896C51F460F4A9CA3F179CF096819AE274CEE7BB47CD1C0E9806DF5FF51D6FC07","","0","0","0","","","","","","","","","","","","","0","0","","0","0","10.115.7.32","3001","","709","0","","","0","","0","","0","0","","","0","","0","","","0","","0","0","","0","","","","","0","0","0","0","0","0","0","0","0","0","0","0","0","0","0","0","0","0","0","0","0","0","0","0","0","1","0","0","0","0","0","0","0","0","0","0","0","0","0","0","1","T=H;0000000000000000000000000000000000000000000000000000000000000000","0","",""
"85","NEW05B_PRI","Primary RTU device","0","0","SYS$,NEW05B_PRI_RTU:S","NEWBERRY_PRIMARY","2","","T=HZ;F0000000EB0100004D91416E84300C45F7957A96814E67D191581862505A27A6B619B5BDFF416A128846D9F87D3BFCEF70B1983021E8263874AF2F97B86416DC5535486BD12602D5958986EEEEC7151E3F71B222F5F79B9FB30144010C86DEEB19F418B939A1084BC18FD28B84A1A1A0A2152F9EE7DDBCFA9AD0F7065420EC81429002FBC808FA1C9929E003B369D112FC3CD11F0A9B40D6689173BD1473F3F16DFAB3786B45D7AAD6BC36EDDAE6DEABA65F71F54FE222D17E6BC671E26CC254336C8A1003CE2E103FB0EEA18019467F89835CD73D615F0896C51F460F4A9CA3F179CF096819AE274CEE7BB47CD1C0E9806DF5FF51D6FC07","","0","0","0","","","","","","","","","","","","","0","0","","0","0","10.115.7.33","3001","","710","0","","","0","","0","","0","0","","","0","","0","","","0","","0","0","","0","","","","","0","0","0","0","0","0","0","0","0","0","0","0","0","0","0","0","0","0","0","0","0","0","0","0","0","1","0","0","0","0","0","0","0","0","0","0","0","0","0","0","1","T=H;0000000000000000000000000000000000000000000000000000000000000000","0","",""
"86","NEW05B_CHK","Check RTU device","0","0","SYS$,NEW05B_CHK_RTU:S","NEWBERRY_CHECK","2","","T=HZ;F0000000EB0100004D91416E84300C45F7957A96814E67D191581862505A27A6B619B5BDFF416A128846D9F87D3BFCEF70B1983021E8263874AF2F97B86416DC5535486BD12602D5958986EEEEC7151E3F71B222F5F79B9FB30144010C86DEEB19F418B939A1084BC18FD28B84A1A1A0A2152F9EE7DDBCFA9AD0F7065420EC81429002FBC808FA1C9929E003B369D112FC3CD11F0A9B40D6689173BD1473F3F16DFAB3786B45D7AAD6BC36EDDAE6DEABA65F71F54FE222D17E6BC671E26CC254336C8A1003CE2E103FB0EEA18019467F89835CD73D615F0896C51F460F4A9CA3F179CF096819AE274CEE7BB47CD1C0E9806DF5FF51D6FC07","","0","0","0","","","","","","","","","","","","","0","0","","0","0","10.115.7.34","3001","","711","0","","","0","","0","","0","0","","","0","","0","","","0","","0","0","","0","","","","","0","0","0","0","0","0","0","0","0","0","0","0","0","0","0","0","0","0","0","0","0","0","0","0","0","1","0","0","0","0","0","0","0","0","0","0","0","0","0","0","1","T=H;0000000000000000000000000000000000000000000000000000000000000000","0","",""
"87","ROC08_PRI","Primary RTU device","0","0","SYS$,ROC08_PRI_RTU:S","ROCK-HILL_PRIMARY","2","","T=HZ;C30000007E0100004D8F416EC3400845F7957A96D84DB368242FB00747B47870014769EE7F908C996614B1F9FFC10C9F83D3820B826D8A43F7FE76A04B16C59D9AC3B2069B18CC56611EBA73A94264FCC6C903F5E753A967039813380C7DD133D8FFC8A93854150DFB153D624CCD2A1A7AEC9279DE97D7BDAEFCBB0187497BA09434CC3E3282BD46164E78C5EC166C81DB8BBBA38A2B642327C9F511E5B6A75CD33FC547135D53AD796CECD8E63E2BB31F5ACB977851F2BF9A719C24BB0AD70C9B2150C2B900962BC61D0F","","0","0","0","ROC08,PRI_PERCENT_UP:A","ROC08,PRI_TOTAL_MSG_RCV:A","ROC08,PRI_MESSAGES_GOOD:A","ROC08,PRI_MESSAGES_BAD:A","ROC08,PRI_TIMEOUTS:A","ROC08,PRI_TOTAL_MSG_SNT:A","","","","","","","0","0","","0","0","192.168.11.43","3001","","96","0","","","0","","0","","0","0","","","0","","0","","","0","","0","0","","0","","","","","0","0","0","0","0","0","0","0","0","0","0","0","0","0","0","0","0","0","0","0","0","0","0","0","0","1","0","0","0","0","0","0","0","0","0","0","0","0","0","0","1","T=H;0000000000000000000000000000000000000000000000000000000000000000","0","",""
"88","ROC08_CHK","Check RTU device","0","0","SYS$,ROC08_CHK_RTU:S","ROCK-HILL_CHECK","2","","T=HZ;C30000007E0100004D8F416EC3400845F7957A96D84DB368242FB00747B47870014769EE7F908C996614B1F9FFC10C9F83D3820B826D8A43F7FE76A04B16C59D9AC3B2069B18CC56611EBA73A94264FCC6C903F5E753A967039813380C7DD133D8FFC8A93854150DFB153D624CCD2A1A7AEC9279DE97D7BDAEFCBB0187497BA09434CC3E3282BD46164E78C5EC166C81DB8BBBA38A2B642327C9F511E5B6A75CD33FC547135D53AD796CECD8E63E2BB31F5ACB977851F2BF9A719C24BB0AD70C9B2150C2B900962BC61D0F","","0","0","0","ROC08,CHK_PERCENT_UP:A","ROC08,CHK_TOTAL_MSG_RCV:A","ROC08,CHK_MESSAGES_GOOD:A","ROC08,CHK_MESSAGES_BAD:A","ROC08,CHK_TIMEOUTS:A","ROC08,CHK_TOTAL_MSG_SNT:A","","","","","","","0","0","","0","0","192.168.11.44","3001","","97","0","","","0","","0","","0","0","","","0","","0","","","0","","0","0","","0","","","","","0","0","0","0","0","0","0","0","0","0","0","0","0","0","0","0","0","0","0","0","0","0","0","0","0","1","0","0","0","0","0","0","0","0","0","0","0","0","0","0","1","T=H;0000000000000000000000000000000000000000000000000000000000000000","0","",""
"89","ROC09_CHK","Check RTU device","0","0","SYS$,ROC09_CHK_RTU:S","ROCK-HILL_CHECK","2","","T=HZ;C30000007E0100004D8F416EC3400845F7957A96D84DB368242FB00747B47870014769EE7F908C996614B1F9FFC10C9F83D3820B826D8A43F7FE76A04B16C59D9AC3B2069B18CC56611EBA73A94264FCC6C903F5E753A967039813380C7DD133D8FFC8A93854150DFB153D624CCD2A1A7AEC9279DE97D7BDAEFCBB0187497BA09434CC3E3282BD46164E78C5EC166C81DB8BBBA38A2B642327C9F511E5B6A75CD33FC547135D53AD796CECD8E63E2BB31F5ACB977851F2BF9A719C24BB0AD70C9B2150C2B900962BC61D0F","","0","0","0","ROC09,CHK_PERCENT_UP:A","ROC09,CHK_TOTAL_MSG_RCV:A","ROC09,CHK_MESSAGES_GOOD:A","ROC09,CHK_MESSAGES_BAD:A","ROC09,CHK_TIMEOUTS:A","ROC09,CHK_TOTAL_MSG_SNT:A","","","","","","","0","0","","0","0","192.168.11.46","3001","","99","0","","","0","","0","","0","0","","","0","","0","","","0","","0","0","","0","","","","","0","0","0","0","0","0","0","0","0","0","0","0","0","0","0","0","0","0","0","0","0","0","0","0","0","1","0","0","0","0","0","0","0","0","0","0","0","0","0","0","1","T=H;0000000000000000000000000000000000000000000000000000000000000000","0","",""
"90","ROC09_PRI","Primary RTU device","0","0","SYS$,ROC09_PRI_RTU:S","ROCK-HILL_PRIMARY","2","","T=HZ;C30000007E0100004D8FC16EC3400844EF95FA2DB19BE6D0483E602F8E68F1E2028ED2FCFF87641737AB88CBCC63B4C31E9C165C106C531CBAF7B7035DB228566A0ECB1A6C62305B8579E8CE650A91F11B270FD49F4F659E0B604EE030F445CF60FF915371A82A1AF62B76C4989A5534F4E89279AEE57BAF2BFF6EC061523D28250D532323D8EBC9C209AF98DD822D707B713E4E925D85777B471557C8464E92036D864009E79261B9E2DE4294DB2DE5C7FD537C34D135D596C7C68E2DF7B933FBA1B53C891725FFABE401","","0","0","0","ROC09,PRI_PERCENT_UP:A","ROC09,PRI_TOTAL_MSG_RCV:A","ROC09,PRI_MESSAGES_GOOD:A","ROC09,PRI_MESSAGES_BAD:A","ROC09,PRI_TIMEOUTS:A","ROC09,PRI_TOTAL_MSG_SNT:A","","","","","","","0","0","","0","0","192.168.11.45","3001","","98","0","","","0","","0","","0","0","","","0","","0","","","0","","0","0","","0","","","","","0","0","0","0","0","0","0","0","0","0","0","0","0","0","0","0","0","0","0","0","0","0","0","0","0","1","0","0","0","0","0","0","0","0","0","0","0","0","0","0","1","T=H;0000000000000000000000000000000000000000000000000000000000000000","0","",""
"91","ROC12_CHK","Check RTU device","0","0","SYS$,ROC12_CHK_RTU:S","ROCK-HILL_CHECK","2","","T=HZ;C30000007E0100004D8F416EC3400845F7957A96D84DB368242FB00747B47870014769EE7F908C996614B1F9FFC10C9F83D3820B826D8A43F7FE76A04B16C59D9AC3B2069B18CC56611EBA73A94264FCC6C903F5E753A967039813380C7DD133D8FFC8A93854150DFB153D624CCD2A1A7AEC9279DE97D7BDAEFCBB0187497BA09434CC3E3282BD46164E78C5EC166C81DB8BBBA38A2B642327C9F511E5B6A75CD33FC547135D53AD796CECD8E63E2BB31F5ACB977851F2BF9A719C24BB0AD70C9B2150C2B900962BC61D0F","","0","0","0","","","","","","","","","","","","","0","0","","0","0","192.168.11.36","3001","","89","0","","","0","","0","","0","0","","","0","","0","","","0","","0","0","","0","","","","","0","0","0","0","0","0","0","0","0","0","0","0","0","0","0","0","0","0","0","0","0","0","0","0","0","1","0","0","0","0","0","0","0","0","0","0","0","0","0","0","1","T=H;0000000000000000000000000000000000000000000000000000000000000000","0","",""
"92","ROC12_PRI","Primary RTU device","0","0","SYS$,ROC12_PRI_RTU:S","ROCK-HILL_PRIMARY","2","","T=HZ;C30000007E0100004D8F4D6EC2400C85F7957A1692020B90B270320E7271C6A9ED20E0FE0761E294119ACD7BDFF3F867E734E184608B62D77C7FEDE8924571A5E630CDC126B8E30DB35B38604EE0D0B5450FAEFCB700473082F92CCC5D7B2C0E5545C39E2223C654ADA2A1C72719C77558E8B4CE4C49C3ACB407FBDC4A387DECF1441557C8464E92B732CAB599F4BFED5BFC54D15455C37D65FB5A77D8985D692E2DF1A2E48F200383599CD19CCBDBAA71F8BFFB7C2CEF1D783F487615DED65D0C81128E05B0DC308E7C01","","0","0","0","","","","","","","","","","","","","0","0","","0","0","192.168.11.35","3001","","88","0","","","0","","0","","0","0","","","0","","0","","","0","","0","0","","0","","","","","0","0","0","0","0","0","0","0","0","0","0","0","0","0","0","0","0","0","0","0","0","0","0","0","0","1","0","0","0","0","0","0","0","0","0","0","0","0","0","0","1","T=H;0000000000000000000000000000000000000000000000000000000000000000","0","",""
"93","NEW06A_CHK","Check RTU device","0","0","SYS$,NEW06A_CHK_RTU:S","NEWBERRY_CHECK","2","","T=HZ;F0000000EB0100004D91416E84300C45F7957A96814E67D19158186250DA24A6B619B5BDFF416A4C8846D9F87D9BFCEF70D1983123C8C63874AF2F97B81462DC5551C8AB6B53029195521ABABB1D5368FCC4495DEAEF373B6703520AA030F456CF2075E46684CCC48E1FDE8B0943434641752F9AE7DDFCF0554EDF1B2487B0070A811DF69111E43932A5800F2C2AAE65F879A23F64528622512395E3A3589A8F6DD39FC55B2BBA56B5E6B569D736F77E68F21557BB12178EFAEBCA260831E0CCB6243DB0061F272A6AD2114C000B8CF612956C4CF684BD132C8B3D8C54CA54A212D7492348CB703D6132DFDAB24503E50ADB6AFFC3D7FC07","","0","0","0","NEW06A,CHK_PERCENT_VALID:A","NEW06A,CHK_TOTAL_MSG_RCV:A","NEW06A,CHK_MESSAGES_GOOD:A","NEW06A,CHK_MESSAGES_BAD:A","NEW06A,CHK_TIMEOUTS:A","NEW06A,CHK_TOTAL_MSG_SNT:A","","","","","","","0","0","","0","0","10.115.7.36","3001","","713","0","","","0","","0","","0","0","","","0","","0","","","0","","0","0","","0","","","","","0","0","0","0","0","0","0","0","0","0","0","0","0","0","0","0","0","0","0","0","0","0","0","0","0","1","0","0","0","0","0","0","0","0","0","0","0","0","0","0","1","T=H;0000000000000000000000000000000000000000000000000000000000000000","0","",""
"94","NEW06B_PRI","Primary RTU device","0","0","SYS$,NEW06B_PRI_RTU:S","NEWBERRY_PRIMARY","2","","T=HZ;F0000000EB0100004D91416E84300C45F7957A96814E67D19158186250DA24A6B619B5BDFF416A4C8846D9F87D9BFCEF70D1983123C8C63874AF2F97B81462DC5551C8AB6B53029195521ABABB1D5368FCC4495DEAEF373B6703520AA030F456CF2075E46684CCC48E1FDE8B0943434641752F9AE7DDFCF0554EDF1B2487B0070A811DF69111E43932A5800F2C2AAE65F879A23F64528622512395E3A3589A8F6DD39FC55B2BBA56B5E6B569D736F77E68F21557BB12178EFAEBCA260831E0CCB6243DB0061F272A6AD2114C000B8CF612956C4CF684BD132C8B3D8C54CA54A212D7492348CB703D6132DFDAB24503E50ADB6AFFC3D7FC07","","0","0","0","","","","","","","","","","","","","0","0","","0","0","10.115.7.37","3001","","714","0","","","0","","0","","0","0","","","0","","0","","","0","","0","0","","0","","","","","0","0","0","0","0","0","0","0","0","0","0","0","0","0","0","0","0","0","0","0","0","0","0","0","0","1","0","0","0","0","0","0","0","0","0","0","0","0","0","0","1","T=H;0000000000000000000000000000000000000000000000000000000000000000","0","",""
"95","NEW06A_PRI","Primary RTU device","0","0","SYS$,NEW06A_PRI_RTU:S","NEWBERRY_PRIMARY","2","","T=HZ;EC000000DA0100004D91416E84300C45F7957A96814E675124168618943689A96D46D3DEFF2035268D466CFEFBFEC47672D1983123C8CE3876AF2F97B816623C5C51C89B7B347DE2AC1BA534F6C3CDBE4E866E382A90520085B137BD80D4CCCD0899891D3FBC161386868C827A1EBD2C472FD7B372FADE213984A37F08EC70442690E7092905BC6351712FC3E3897E9149198A448D54CE9F62697D6C9DFE5FBC35D135D58AD76EBC56D572EF674EBEE26647E2CA517FDCD90521065CD896A43BD6C1A7998A9A750E26800526BB894A169363C2DE09D6D52E462A652A51896BD208D2EAE338CCD6B7966CD140B9C2BED97BF89A7F","","0","0","0","","","","","","","","","","","","","0","0","","0","0","10.115.7.35","3001","","712","0","","","0","","0","","0","0","","","0","","0","","","0","","0","0","","0","","","","","0","0","0","0","0","0","0","0","0","0","0","0","0","0","0","0","0","0","0","0","0","0","0","0","0","1","0","0","0","0","0","0","0","0","0","0","0","0","0","0","1","T=H;0000000000000000000000000000000000000000000000000000000000000000","0","",""
"96","ROC07B_PRI","Primary RTU device","0","0","SYS$,ROC07B_PRI_RTU:S","ROCK-HILL_PRIMARY","2","","T=HZ;C30000007E0100004D8F416EC3400845F7957A96D84DB368242FB00747B47870014769EE7F908C996614B1F9FFC10C9F83D3820B826D8A43F7FE76A04B16C59D9AC3B2069B18CC56611EBA73A94264FCC6C903F5E753A967039813380C7DD133D8FFC8A93854150DFB153D624CCD2A1A7AEC9279DE97D7BDAEFCBB0187497BA09434CC3E3282BD46164E78C5EC166C81DB8BBBA38A2B642327C9F511E5B6A75CD33FC547135D53AD796CECD8E63E2BB31F5ACB977851F2BF9A719C24BB0AD70C9B2150C2B900962BC61D0F","","0","0","0","","","","","","","","","","","","","0","0","","0","0","192.168.11.47","3001","","810","0","","","0","","0","","0","0","","","0","","0","","","0","","0","0","","0","","","","","0","0","0","0","0","0","0","0","0","0","0","0","0","0","0","0","0","0","0","0","0","0","0","0","0","1","0","0","0","0","0","0","0","0","0","0","0","0","0","0","1","T=H;0000000000000000000000000000000000000000000000000000000000000000","0","",""
"97","ROC07B_CHK","Check RTU device","0","0","SYS$,ROC07B_CHK_RTU:S","ROCK-HILL_CHECK","2","","T=HZ;C30000007E0100004D8F416EC3400845F7957A96D84DB368242FB00747B47870014769EE7F908C996614B1F9FFC10C9F83D3820B826D8A43F7FE76A04B16C59D9AC3B2069B18CC56611EBA73A94264FCC6C903F5E753A967039813380C7DD133D8FFC8A93854150DFB153D624CCD2A1A7AEC9279DE97D7BDAEFCBB0187497BA09434CC3E3282BD46164E78C5EC166C81DB8BBBA38A2B642327C9F511E5B6A75CD33FC547135D53AD796CECD8E63E2BB31F5ACB977851F2BF9A719C24BB0AD70C9B2150C2B900962BC61D0F","","0","0","0","","","","","","","","","","","","","0","0","","0","0","192.168.11.48","3001","","811","0","","","0","","0","","0","0","","","0","","0","","","0","","0","0","","0","","","","","0","0","0","0","0","0","0","0","0","0","0","0","0","0","0","0","0","0","0","0","0","0","0","0","0","1","0","0","0","0","0","0","0","0","0","0","0","0","0","0","1","T=H;0000000000000000000000000000000000000000000000000000000000000000","0","",""
"98","ABB02_CHK","Primary RTU device","0","0","SYS$,ABB02_CHK_RTU:S","X_MOONBEAM","2","","T=HZ;F5000000EE0100004D51CB6AC4300CBC17FA2D9B74170A0B3928B112DC2A562A294BDBFFFF90CA8F9A051F6646F248635F2CEEB823E829380DAF2F97B82516CCAA1AEC47D176F8C60726D3C278FEC0C50E269AC6FB55F319FCDC730D8802184C37C78B097D9D40E592CD0B2713A6EAB1823687D1198AB014FA5E6A9130742AA86875F0BAE6BD0A0E79BD10A49ABB3A833E07600A4F2BFFA2B009248D163915E954841870F595881F588D624C7D82C71CFFC15B074347BD781DA66B43BDEF56FBF4331E6E899B44FBA90A6082D9F335E69335AF341606DBE671B5B19D533496D6E90C682BA30A59DCB3953C59E0BD91F3F01FA8111602D5F29043FD9F3F","","0","0","0","","","","","","","","","","","","","0","0","","0","0","10.10.1.34","3001","","13","0","","","0","","0","","0","0","","","0","","0","","","0","","0","0","","0","","","","","0","0","0","0","0","0","0","0","0","0","0","0","0","0","0","0","0","0","0","0","0","0","0","0","0","1","0","0","0","0","0","0","0","0","0","0","0","0","0","0","1","T=H;0000000000000000000000000000000000000000000000000000000000000000","0","",""
"99","GAFFNEY_SCADA","GBPW Data Exchange for WebSurv Map","0","0","SYS$,GAFFNEY_SRV_WEBSRV:S","GAFFNEY_DE_COMMLINE","2","","T=HZ;DB000000BF0100004D91C16EC4200C44EF95FA2DBB497ACDC109067917706A3BABB6FFFF212540A2BDCD1B237B46DC8C122604DD05E7FBE7C78D4266C1C35583B4552FC10FBE309B5682181D1854BD9AC4EF1D62055B56CE261CDB3B0F6A1BC7364311968B3C504477A1A0A255C5DE1FA7AB764702E7A4ED2EEE02FA9E91A37B4BF587C22690958C38576B570472E84BA2C82F6C8B88F2758197C7300F4D8CF3D8C5FD9C8DC3A9A6CB9BC6537D354F9FB495951884ECB739801996D2AF53B9AC47A4A1128450EA6AA7C4998CA5BF2C0431CCD3096BD9D947A599E3D461DFCA07D40AFF","","0","0","0","","","","","","","","","","","","","0","0","","0","0","10.10.4.7","3001","","10","0","","","0","","0","","0","0","","","0","","0","","","0","","0","0","","0","","","","","0","0","0","0","0","0","0","0","0","0","0","0","0","0","0","0","0","0","0","0","0","0","0","0","0","1","0","0","0","0","0","0","0","0","0","0","0","0","0","1","1","T=H;0000000000000000000000000000000000000000000000000000000000000000","0","",""
"100","GCPW_SCADA","GCPW Virtual RTU","0","0","GCPW_DE,GCPW_RTU:S","GCPW_DE_COMMLINE","2","","T=HZ;D6000000BF0100004D91416E03310845F7957296249D6EB360C68C4583CD1498A8E9FD0F528FED58D9FDF741F01167A78409C176C5DBE5F471A69845F170CD216DD54BF08B0FCC6E9580398043D58B2BFFECC0157C5E24BB0AB7BE15CC37E1564355D1412B106318A868E855C9BA1EABAB0E478210B4CD2EEE0CF69E5138BCA5FA431557C8464E92ABB51B02055C4B229607B64144796C90F9FBFA129F435C861AC56978D3E8FB6A9EDD692B23312AF9B3398019E6725FA7B2D98E48D74A106339D73A25C9E4A2BDB31070BC4D2F58CACC5E2A9705491DF6AD3CA09EF00F","","0","0","0","","","","","","","","","","","","","0","0","","0","0","10.1.30.101","20005","","8","0","","","0","10.1.30.102","20005","","0","0","","","0","","20000","","","20000","","0","0","","0","","","","","0","0","0","0","0","0","0","0","0","0","0","0","0","0","0","0","0","0","0","0","0","0","0","0","0","1","0","0","0","0","0","0","0","0","0","0","0","0","0","1","1","T=H;0000000000000000000000000000000000000000000000000000000000000000","0","",""
