NAME,STATIONPID,PREFSUFFID,USERTYPEID,NORMSTATE
SCADA,SYS$,NORMALALARM,MASTER,1
ALFULL,SYS$,NORMALALARM,MASTER,0
HostA,SYS$,MASTERSTANDBY,MASTER,0
HostB,SYS$,MASTERSTANDBY,MASTER,0
Annunciation,SYS$,OFFON,MASTER,1
Logger1,SYS$,DOWNNORMAL,MASTER,1
PMPAGEN_RTU,SYS$,DOWNNORMAL,RTU,1
GREER_SRV,SYS$,DOWNNORMAL,COMMLINE,1
SYSTEM_LOAD_STATUS,DUKE,INPUTSTATUS,IPSTATUS,0
CATAWBA1_GROSS_STATUS,DUKE,INPUTSTATUS,IPSTATUS,0
CATAWBA2_GROSS_STATUS,DUKE,INPUTSTATUS,IPSTATUS,0
MCGUIRE2_GROSS_STATUS,DUKE,INPUTSTATUS,IPSTATUS,0
MCGUIRE1_GROSS_STATUS,DUKE,INPUTSTATUS,IPSTATUS,0
CATAWBA1_NET_OUTPUT_STATUS,DUKE,INPUTSTATUS,IPSTATUS,0
GRE_CHK_CL,SYS$,DOWNNORMAL,COMMLINE,1
EAS_CHK_CL,SYS$,DOWNNORMAL,COMMLINE,1
LAU_CHK_CL,SYS$,DOWNNORMAL,COMMLINE,1
ABB_CL,SYS$,DOWNNORMAL,COMMLINE,1
CLI_CL,SYS$,DOWNNORMAL,COMMLINE,1
AC_LOSS_Status,EAS01,OKFAILED,IPSTATUS,1
EAS_PRI_CL,SYS$,DOWNNORMAL,COMMLINE,1
GAF_PRI_CL,SYS$,DOWNNORMAL,COMMLINE,1
AC_LOSS_Status,EAS03,OKFAILED,IPSTATUS,1
ROC_CHK_CL,SYS$,DOWNNORMAL,COMMLINE,1
NEW_CHK_CL,SYS$,DOWNNORMAL,COMMLINE,1
CATAWBA2_NET_OUTPUT_STATUS,DUKE,INPUTSTATUS,IPSTATUS,0
MCGUIRE2_NET_OUTPUT_STATUS,DUKE,INPUTSTATUS,IPSTATUS,0
MCGUIRE1_NET_OUTPUT_STATUS,DUKE,INPUTSTATUS,IPSTATUS,0
DUKE_ALT_SRV,SYS$,DOWNNORMAL,COMMLINE,1
GRE_PRI_CL,SYS$,DOWNNORMAL,COMMLINE,1
SI_CL,SYS$,DOWNNORMAL,COMMLINE,1
PMPAGEN_CL,SYS$,DOWNNORMAL,COMMLINE,1
AC_LOSS_Status,NEW02,OKFAILED,ALTIP,1
GAF_CHK_CL,SYS$,DOWNNORMAL,COMMLINE,1
ACLOSS_Status,ABB01,OKFAILED,IPSTATUS,1
LAU_PRI_CL,SYS$,DOWNNORMAL,COMMLINE,1
DS1_SIGNAL_ECHO_STATUS,DUKE,INPUTSTATUS,IPSTATUS,0
DS2_SIGNAL_ECHO_STATUS,DUKE,INPUTSTATUS,IPSTATUS,0
NEW_PRI_CL,SYS$,DOWNNORMAL,COMMLINE,1
DS3_SIGNAL_ECHO_STATUS,DUKE,INPUTSTATUS,IPSTATUS,0
DS1_SCHEDULE_ECHO_STATUS,DUKE,INPUTSTATUS,IPSTATUS,0
ROC_PRI_CL,SYS$,DOWNNORMAL,COMMLINE,1
DS2_SCHEDULE_ECHO_STATUS,DUKE,INPUTSTATUS,IPSTATUS,0
DS3_SCHEDULE_ECHO_STATUS,DUKE,INPUTSTATUS,IPSTATUS,0
CME_ENTITLEMENT_STATUS,DUKE,INPUTSTATUS,IPSTATUS,0
PMPA_WITH_DG_STATUS,SOUTHERN,INPUTSTATUS,IPSTATUS,0
UNI_CL,SYS$,DOWNNORMAL,COMMLINE,1
PMPA_DG_STATUS,SOUTHERN,INPUTSTATUS,IPSTATUS,0
PMPA_WITHOUT_DG_STATUS,SOUTHERN,INPUTSTATUS,IPSTATUS,0
WES_CL,SYS$,DOWNNORMAL,COMMLINE,1
ABBEVILLE_SRV,SYS$,DOWNNORMAL,COMMLINE,1
UseMe2,BOB,INPUTSTATUS,IPSTATUS,0
ABB01_PRI_RTU,SYS$,DOWNNORMAL,RTU,1
ABB01_CHK_RTU,SYS$,DOWNNORMAL,RTU,1
CLI01_PRI_RTU,SYS$,DOWNNORMAL,RTU,1
CLI01_CHK_RTU,SYS$,DOWNNORMAL,RTU,1
CLI02_PRI_RTU,SYS$,DOWNNORMAL,RTU,1
CLI02_CHK_RTU,SYS$,DOWNNORMAL,RTU,1
EAS01_PRI_RTU,SYS$,DOWNNORMAL,RTU,1
EAS01_CHK_RTU,SYS$,DOWNNORMAL,RTU,1
EAS03_PRI_RTU,SYS$,DOWNNORMAL,RTU,1
EAS03_CHK_RTU,SYS$,DOWNNORMAL,RTU,1
EAS04A_PRI_RTU,SYS$,DOWNNORMAL,RTU,1
EAS04A_CHK_RTU,SYS$,DOWNNORMAL,RTU,1
EAS05_PRI_RTU,SYS$,DOWNNORMAL,RTU,1
EAS05_CHK_RTU,SYS$,DOWNNORMAL,RTU,1
EAS06_PRI_RTU,SYS$,DOWNNORMAL,RTU,1
EAS06_CHK_RTU,SYS$,DOWNNORMAL,RTU,1
GAF01A_PRI_RTU,SYS$,DOWNNORMAL,RTU,1
GAF01A_CHK_RTU,SYS$,DOWNNORMAL,RTU,1
GAF01B_PRI_RTU,SYS$,DOWNNORMAL,RTU,1
GAF01B_CHK_RTU,SYS$,DOWNNORMAL,RTU,1
GAF02_PRI_RTU,SYS$,DOWNNORMAL,RTU,1
GAF02_CHK_RTU,SYS$,DOWNNORMAL,RTU,1
GRE02A_PRI_RTU,SYS$,DOWNNORMAL,RTU,1
GRE02A_CHK_RTU,SYS$,DOWNNORMAL,RTU,1
GRE02B_PRI_RTU,SYS$,DOWNNORMAL,RTU,1
GRE02B_CHK_RTU,SYS$,DOWNNORMAL,RTU,1
GRE03A_PRI_RTU,SYS$,DOWNNORMAL,RTU,1
GRE03A_CHK_RTU,SYS$,DOWNNORMAL,RTU,1
GRE03B_PRI_RTU,SYS$,DOWNNORMAL,RTU,1
GRE03B_CHK_RTU,SYS$,DOWNNORMAL,RTU,1
GRE04A_PRI_RTU,SYS$,DOWNNORMAL,RTU,1
GRE04A_CHK_RTU,SYS$,DOWNNORMAL,RTU,1
GRE04B_PRI_RTU,SYS$,DOWNNORMAL,RTU,1
GRE04B_CHK_RTU,SYS$,DOWNNORMAL,RTU,1
LAU03_PRI_RTU,SYS$,DOWNNORMAL,RTU,1
LAU03_CHK_RTU,SYS$,DOWNNORMAL,RTU,1
LAU04A_PRI_RTU,SYS$,DOWNNORMAL,RTU,1
LAU04A_CHK_RTU,SYS$,DOWNNORMAL,RTU,1
LAU04B_PRI_RTU,SYS$,DOWNNORMAL,RTU,1
LAU04B_CHK_RTU,SYS$,DOWNNORMAL,RTU,1
NEW02_PRI_RTU,SYS$,DOWNNORMAL,RTU,1
NEW02_CHK_RTU,SYS$,DOWNNORMAL,RTU,1
NEW03_PRI_RTU,SYS$,DOWNNORMAL,RTU,1
NEW03_CHK_RTU,SYS$,DOWNNORMAL,RTU,1
NEW04_PRI_RTU,SYS$,DOWNNORMAL,RTU,1
NEW04_CHK_RTU,SYS$,DOWNNORMAL,RTU,1
ROC10_PRI_RTU,SYS$,DOWNNORMAL,RTU,1
ROC10_CHK_RTU,SYS$,DOWNNORMAL,RTU,1
ROC11_PRI_RTU,SYS$,DOWNNORMAL,RTU,1
ROC11_CHK_RTU,SYS$,DOWNNORMAL,RTU,1
PMPAGEN_RTU_OLD,SYS$,DOWNNORMAL,RTU,1
GRE_CHK_3A_CL,SYS$,DOWNNORMAL,COMMLINE,1
ROC05_PRI_RTU,SYS$,DOWNNORMAL,RTU,1
ROC05_CHK_RTU,SYS$,DOWNNORMAL,RTU,1
ROC06_PRI_RTU,SYS$,DOWNNORMAL,RTU,1
ROC06_CHK_RTU,SYS$,DOWNNORMAL,RTU,1
UNI01_PRI_RTU,SYS$,DOWNNORMAL,RTU,1
UNI01_CHK_RTU,SYS$,DOWNNORMAL,RTU,1
UNI04_PRI_RTU,SYS$,DOWNNORMAL,RTU,1
UNI04_CHK_RTU,SYS$,DOWNNORMAL,RTU,1
UNI06_PRI_RTU,SYS$,DOWNNORMAL,RTU,1
UNI06_CHK_RTU,SYS$,DOWNNORMAL,RTU,1
WES01_PRI_RTU,SYS$,DOWNNORMAL,RTU,1
WES01_CHK_RTU,SYS$,DOWNNORMAL,RTU,1
KW_COMP_Status,ABB01,INPUTSTATUS,IPSTATUS,0
KW_A_Status,ABB01,INPUTSTATUS,IPSTATUS,0
KW_B_Status,ABB01,INPUTSTATUS,IPSTATUS,0
KW_C_Status,ABB01,INPUTSTATUS,IPSTATUS,0
KVAR_Status,ABB01,INPUTSTATUS,IPSTATUS,0
KVAR_A_Status,ABB01,INPUTSTATUS,IPSTATUS,0
KVAR_B_Status,ABB01,INPUTSTATUS,IPSTATUS,0
KVAR_C_Status,ABB01,INPUTSTATUS,IPSTATUS,0
V_Status,ABB01,INPUTSTATUS,IPSTATUS,0
V_A_Status,ABB01,INPUTSTATUS,IPSTATUS,0
V_B_Status,ABB01,INPUTSTATUS,IPSTATUS,0
V_C_Status,ABB01,INPUTSTATUS,IPSTATUS,0
A_Status,ABB01,INPUTSTATUS,IPSTATUS,0
A_A_Status,ABB01,INPUTSTATUS,IPSTATUS,0
A_B_Status,ABB01,INPUTSTATUS,IPSTATUS,0
A_C_Status,ABB01,INPUTSTATUS,IPSTATUS,0
PF_Status,ABB01,INPUTSTATUS,IPSTATUS,0
PF_A_Status,ABB01,INPUTSTATUS,IPSTATUS,0
PF_B_Status,ABB01,INPUTSTATUS,IPSTATUS,0
PF_C_Status,ABB01,INPUTSTATUS,IPSTATUS,0
KVAR_COMP_Status,EAS01,INPUTSTATUS,IPSTATUS,0
KW_Status,EAS01,INPUTSTATUS,IPSTATUS,0
FREQUENCY_Status,EAS01,INPUTSTATUS,IPSTATUS,0
A_N_Status,EAS01,INPUTSTATUS,IPSTATUS,0
KVAR_COMP_Status,EAS03,INPUTSTATUS,IPSTATUS,0
KW_Status,EAS03,INPUTSTATUS,IPSTATUS,0
FREQUENCY_Status,EAS03,INPUTSTATUS,IPSTATUS,0
A_N_Status,EAS03,INPUTSTATUS,IPSTATUS,0
KW_COMP_Status,CLI01,INPUTSTATUS,IPSTATUS,0
KW_A_Status,CLI01,INPUTSTATUS,IPSTATUS,0
KW_B_Status,CLI01,INPUTSTATUS,IPSTATUS,0
KW_C_Status,CLI01,INPUTSTATUS,IPSTATUS,0
KVAR_Status,CLI01,INPUTSTATUS,IPSTATUS,0
KVAR_A_Status,CLI01,INPUTSTATUS,IPSTATUS,0
KVAR_B_Status,CLI01,INPUTSTATUS,IPSTATUS,0
KVAR_C_Status,CLI01,INPUTSTATUS,IPSTATUS,0
V_Status,CLI01,INPUTSTATUS,IPSTATUS,0
V_A_Status,CLI01,INPUTSTATUS,IPSTATUS,0
V_B_Status,CLI01,INPUTSTATUS,IPSTATUS,0
V_C_Status,CLI01,INPUTSTATUS,IPSTATUS,0
A_Status,CLI01,INPUTSTATUS,IPSTATUS,0
A_A_Status,CLI01,INPUTSTATUS,IPSTATUS,0
A_B_Status,CLI01,INPUTSTATUS,IPSTATUS,0
A_C_Status,CLI01,INPUTSTATUS,IPSTATUS,0
PF_Status,CLI01,INPUTSTATUS,IPSTATUS,0
PF_A_Status,CLI01,INPUTSTATUS,IPSTATUS,0
PF_B_Status,CLI01,INPUTSTATUS,IPSTATUS,0
PF_C_Status,CLI01,INPUTSTATUS,IPSTATUS,0
A_N_Status,EAS04B,INPUTSTATUS,IPSTATUS,0
FREQUENCY_Status,EAS04B,INPUTSTATUS,IPSTATUS,0
KVAR_COMP_Status,EAS04B,INPUTSTATUS,IPSTATUS,0
KW_Status,EAS04B,INPUTSTATUS,IPSTATUS,0
A_N_Status,EAS04A,INPUTSTATUS,IPSTATUS,0
FREQUENCY_Status,EAS04A,INPUTSTATUS,IPSTATUS,0
KVAR_COMP_Status,EAS04A,INPUTSTATUS,IPSTATUS,0
KW_Status,EAS04A,INPUTSTATUS,IPSTATUS,0
EAS04B_PRI_RTU,SYS$,DOWNNORMAL,RTU,1
EAS04B_CHK_RTU,SYS$,DOWNNORMAL,RTU,1
KW_COMP_Status,CLI02,INPUTSTATUS,IPSTATUS,0
KW_A_Status,CLI02,INPUTSTATUS,IPSTATUS,0
KW_B_Status,CLI02,INPUTSTATUS,IPSTATUS,0
KW_C_Status,CLI02,INPUTSTATUS,IPSTATUS,0
KVAR_Status,CLI02,INPUTSTATUS,IPSTATUS,0
KVAR_A_Status,CLI02,INPUTSTATUS,IPSTATUS,0
KVAR_B_Status,CLI02,INPUTSTATUS,IPSTATUS,0
KVAR_C_Status,CLI02,INPUTSTATUS,IPSTATUS,0
V_Status,CLI02,INPUTSTATUS,IPSTATUS,0
V_A_Status,CLI02,INPUTSTATUS,IPSTATUS,0
V_B_Status,CLI02,INPUTSTATUS,IPSTATUS,0
V_C_Status,CLI02,INPUTSTATUS,IPSTATUS,0
A_Status,CLI02,INPUTSTATUS,IPSTATUS,0
A_A_Status,CLI02,INPUTSTATUS,IPSTATUS,0
A_B_Status,CLI02,INPUTSTATUS,IPSTATUS,0
A_C_Status,CLI02,INPUTSTATUS,IPSTATUS,0
PF_Status,CLI02,INPUTSTATUS,IPSTATUS,0
PF_A_Status,CLI02,INPUTSTATUS,IPSTATUS,0
PF_B_Status,CLI02,INPUTSTATUS,IPSTATUS,0
PF_C_Status,CLI02,INPUTSTATUS,IPSTATUS,0
A_N_Status,EAS05,INPUTSTATUS,IPSTATUS,0
FREQUENCY_Status,EAS05,INPUTSTATUS,IPSTATUS,0
KVAR_COMP_Status,EAS05,INPUTSTATUS,IPSTATUS,0
KW_Status,EAS05,INPUTSTATUS,IPSTATUS,0
KW_Status,GAF01A,INPUTSTATUS,IPSTATUS,0
KVAR_Status,GAF01A,INPUTSTATUS,IPSTATUS,0
FREQUENCY_Status,GAF01A,INPUTSTATUS,IPSTATUS,0
FREQUENCY_Status,GAF01B,INPUTSTATUS,IPSTATUS,0
KW_COMP_Status,EAS01,INPUTSTATUS,IPSTATUS,0
KW_A_Status,EAS01,INPUTSTATUS,IPSTATUS,0
KW_B_Status,EAS01,INPUTSTATUS,IPSTATUS,0
KW_C_Status,EAS01,INPUTSTATUS,IPSTATUS,0
KVAR_Status,EAS01,INPUTSTATUS,IPSTATUS,0
KVAR_A_Status,EAS01,INPUTSTATUS,IPSTATUS,0
KVAR_B_Status,EAS01,INPUTSTATUS,IPSTATUS,0
KVAR_C_Status,EAS01,INPUTSTATUS,IPSTATUS,0
V_Status,EAS01,INPUTSTATUS,IPSTATUS,0
V_A_Status,EAS01,INPUTSTATUS,IPSTATUS,0
V_B_Status,EAS01,INPUTSTATUS,IPSTATUS,0
V_C_Status,EAS01,INPUTSTATUS,IPSTATUS,0
A_Status,EAS01,INPUTSTATUS,IPSTATUS,0
A_A_Status,EAS01,INPUTSTATUS,IPSTATUS,0
A_B_Status,EAS01,INPUTSTATUS,IPSTATUS,0
A_C_Status,EAS01,INPUTSTATUS,IPSTATUS,0
PF_Status,EAS01,INPUTSTATUS,IPSTATUS,0
PF_A_Status,EAS01,INPUTSTATUS,IPSTATUS,0
PF_B_Status,EAS01,INPUTSTATUS,IPSTATUS,0
PF_C_Status,EAS01,INPUTSTATUS,IPSTATUS,0
FREQUENCY_Status,GAF02,INPUTSTATUS,IPSTATUS,0
A_N_Status,GAF01A,INPUTSTATUS,IPSTATUS,0
KVAR_COMP_Status,GAF01B,INPUTSTATUS,IPSTATUS,0
A_N_Status,GAF01B,INPUTSTATUS,IPSTATUS,0
KVAR_COMP_Status,GAF02,INPUTSTATUS,IPSTATUS,0
A_N_Status,GAF02,INPUTSTATUS,IPSTATUS,0
KVAR_COMP_Status,LAU03,INPUTSTATUS,IPSTATUS,0
FREQUENCY_Status,LAU03,INPUTSTATUS,IPSTATUS,0
KW_COMP_Status,EAS03,INPUTSTATUS,IPSTATUS,0
KW_A_Status,EAS03,INPUTSTATUS,IPSTATUS,0
KW_B_Status,EAS03,INPUTSTATUS,IPSTATUS,0
KW_C_Status,EAS03,INPUTSTATUS,IPSTATUS,0
KVAR_Status,EAS03,INPUTSTATUS,IPSTATUS,0
KVAR_A_Status,EAS03,INPUTSTATUS,IPSTATUS,0
KVAR_B_Status,EAS03,INPUTSTATUS,IPSTATUS,0
KVAR_C_Status,EAS03,INPUTSTATUS,IPSTATUS,0
V_Status,EAS03,INPUTSTATUS,IPSTATUS,0
V_A_Status,EAS03,INPUTSTATUS,IPSTATUS,0
V_B_Status,EAS03,INPUTSTATUS,IPSTATUS,0
V_C_Status,EAS03,INPUTSTATUS,IPSTATUS,0
A_Status,EAS03,INPUTSTATUS,IPSTATUS,0
A_A_Status,EAS03,INPUTSTATUS,IPSTATUS,0
A_B_Status,EAS03,INPUTSTATUS,IPSTATUS,0
A_C_Status,EAS03,INPUTSTATUS,IPSTATUS,0
PF_Status,EAS03,INPUTSTATUS,IPSTATUS,0
PF_A_Status,EAS03,INPUTSTATUS,IPSTATUS,0
PF_B_Status,EAS03,INPUTSTATUS,IPSTATUS,0
PF_C_Status,EAS03,INPUTSTATUS,IPSTATUS,0
FREQUENCY_Status,LAU04A,INPUTSTATUS,IPSTATUS,0
FREQUENCY_Status,LAU04B,INPUTSTATUS,IPSTATUS,0
KVAR_COMP_Status,LAU04A,INPUTSTATUS,IPSTATUS,0
KVAR_COMP_Status,LAU04B,INPUTSTATUS,IPSTATUS,0
A_N_Status,LAU03,INPUTSTATUS,IPSTATUS,0
A_N_Status,LAU04A,INPUTSTATUS,IPSTATUS,0
A_N_Status,LAU04B,INPUTSTATUS,IPSTATUS,0
KVAR_COMP_Status,GRE02A,INPUTSTATUS,IPSTATUS,0
KW_COMP_Status,EAS04A,INPUTSTATUS,IPSTATUS,0
KW_A_Status,EAS04A,INPUTSTATUS,IPSTATUS,0
KW_B_Status,EAS04A,INPUTSTATUS,IPSTATUS,0
KW_C_Status,EAS04A,INPUTSTATUS,IPSTATUS,0
KVAR_Status,EAS04A,INPUTSTATUS,IPSTATUS,0
KVAR_A_Status,EAS04A,INPUTSTATUS,IPSTATUS,0
KVAR_B_Status,EAS04A,INPUTSTATUS,IPSTATUS,0
KVAR_C_Status,EAS04A,INPUTSTATUS,IPSTATUS,0
V_Status,EAS04A,INPUTSTATUS,IPSTATUS,0
V_A_Status,EAS04A,INPUTSTATUS,IPSTATUS,0
V_B_Status,EAS04A,INPUTSTATUS,IPSTATUS,0
V_C_Status,EAS04A,INPUTSTATUS,IPSTATUS,0
A_Status,EAS04A,INPUTSTATUS,IPSTATUS,0
A_A_Status,EAS04A,INPUTSTATUS,IPSTATUS,0
A_B_Status,EAS04A,INPUTSTATUS,IPSTATUS,0
A_C_Status,EAS04A,INPUTSTATUS,IPSTATUS,0
PF_Status,EAS04A,INPUTSTATUS,IPSTATUS,0
PF_A_Status,EAS04A,INPUTSTATUS,IPSTATUS,0
PF_B_Status,EAS04A,INPUTSTATUS,IPSTATUS,0
PF_C_Status,EAS04A,INPUTSTATUS,IPSTATUS,0
KVAR_COMP_Status,GRE02B,INPUTSTATUS,IPSTATUS,0
KVAR_COMP_Status,GRE03A,INPUTSTATUS,IPSTATUS,0
KVAR_COMP_Status,GRE03B,INPUTSTATUS,IPSTATUS,0
KVAR_COMP_Status,GRE04A,INPUTSTATUS,IPSTATUS,0
KVAR_COMP_Status,GRE04B,INPUTSTATUS,IPSTATUS,0
FREQUENCY_Status,GRE02A,INPUTSTATUS,IPSTATUS,0
FREQUENCY_Status,GRE02B,INPUTSTATUS,IPSTATUS,0
FREQUENCY_Status,GRE03A,INPUTSTATUS,IPSTATUS,0
KW_COMP_Status,EAS04B,INPUTSTATUS,IPSTATUS,0
KW_A_Status,EAS04B,INPUTSTATUS,IPSTATUS,0
KW_B_Status,EAS04B,INPUTSTATUS,IPSTATUS,0
KW_C_Status,EAS04B,INPUTSTATUS,IPSTATUS,0
KVAR_Status,EAS04B,INPUTSTATUS,IPSTATUS,0
KVAR_A_Status,EAS04B,INPUTSTATUS,IPSTATUS,0
KVAR_B_Status,EAS04B,INPUTSTATUS,IPSTATUS,0
KVAR_C_Status,EAS04B,INPUTSTATUS,IPSTATUS,0
V_Status,EAS04B,INPUTSTATUS,IPSTATUS,0
V_A_Status,EAS04B,INPUTSTATUS,IPSTATUS,0
V_B_Status,EAS04B,INPUTSTATUS,IPSTATUS,0
V_C_Status,EAS04B,INPUTSTATUS,IPSTATUS,0
A_Status,EAS04B,INPUTSTATUS,IPSTATUS,0
A_A_Status,EAS04B,INPUTSTATUS,IPSTATUS,0
A_B_Status,EAS04B,INPUTSTATUS,IPSTATUS,0
A_C_Status,EAS04B,INPUTSTATUS,IPSTATUS,0
PF_Status,EAS04B,INPUTSTATUS,IPSTATUS,0
PF_A_Status,EAS04B,INPUTSTATUS,IPSTATUS,0
PF_B_Status,EAS04B,INPUTSTATUS,IPSTATUS,0
PF_C_Status,EAS04B,INPUTSTATUS,IPSTATUS,0
FREQUENCY_Status,GRE03B,INPUTSTATUS,IPSTATUS,0
FREQUENCY_Status,GRE04A,INPUTSTATUS,IPSTATUS,0
FREQUENCY_Status,GRE04B,INPUTSTATUS,IPSTATUS,0
A_N_Status,GRE02A,INPUTSTATUS,IPSTATUS,0
A_N_Status,GRE02B,INPUTSTATUS,IPSTATUS,0
A_N_Status,GRE03A,INPUTSTATUS,IPSTATUS,0
A_N_Status,GRE03B,INPUTSTATUS,IPSTATUS,0
A_N_Status,GRE04A,INPUTSTATUS,IPSTATUS,0
KW_COMP_Status,EAS05,INPUTSTATUS,IPSTATUS,0
KW_A_Status,EAS05,INPUTSTATUS,IPSTATUS,0
KW_B_Status,EAS05,INPUTSTATUS,IPSTATUS,0
KW_C_Status,EAS05,INPUTSTATUS,IPSTATUS,0
KVAR_Status,EAS05,INPUTSTATUS,IPSTATUS,0
KVAR_A_Status,EAS05,INPUTSTATUS,IPSTATUS,0
KVAR_B_Status,EAS05,INPUTSTATUS,IPSTATUS,0
KVAR_C_Status,EAS05,INPUTSTATUS,IPSTATUS,0
V_Status,EAS05,INPUTSTATUS,IPSTATUS,0
V_A_Status,EAS05,INPUTSTATUS,IPSTATUS,0
V_B_Status,EAS05,INPUTSTATUS,IPSTATUS,0
V_C_Status,EAS05,INPUTSTATUS,IPSTATUS,0
A_Status,EAS05,INPUTSTATUS,IPSTATUS,0
A_A_Status,EAS05,INPUTSTATUS,IPSTATUS,0
A_B_Status,EAS05,INPUTSTATUS,IPSTATUS,0
A_C_Status,EAS05,INPUTSTATUS,IPSTATUS,0
PF_Status,EAS05,INPUTSTATUS,IPSTATUS,0
PF_A_Status,EAS05,INPUTSTATUS,IPSTATUS,0
PF_B_Status,EAS05,INPUTSTATUS,IPSTATUS,0
PF_C_Status,EAS05,INPUTSTATUS,IPSTATUS,0
A_N_Status,GRE04B,INPUTSTATUS,IPSTATUS,0
SDG_CL,SYS$,DOWNNORMAL,COMMLINE,1
SDG_RTU,SYS$,DOWNNORMAL,RTU,1
KW_COMP_Status,ROC10,INPUTSTATUS,IPSTATUS,0
FREQUENCY_Status,ROC10,INPUTSTATUS,IPSTATUS,0
A_N_Status,ROC10,INPUTSTATUS,IPSTATUS,0
FREQUENCY_Status,ROC11,INPUTSTATUS,IPSTATUS,0
A_N_Status,EAS06,INPUTSTATUS,IPSTATUS,0
KW_COMP_Status,EAS06,INPUTSTATUS,IPSTATUS,0
KW_A_Status,EAS06,INPUTSTATUS,IPSTATUS,0
KW_B_Status,EAS06,INPUTSTATUS,IPSTATUS,0
KW_C_Status,EAS06,INPUTSTATUS,IPSTATUS,0
KVAR_Status,EAS06,INPUTSTATUS,IPSTATUS,0
KVAR_A_Status,EAS06,INPUTSTATUS,IPSTATUS,0
KVAR_B_Status,EAS06,INPUTSTATUS,IPSTATUS,0
KVAR_C_Status,EAS06,INPUTSTATUS,IPSTATUS,0
V_Status,EAS06,INPUTSTATUS,IPSTATUS,0
V_A_Status,EAS06,INPUTSTATUS,IPSTATUS,0
V_B_Status,EAS06,INPUTSTATUS,IPSTATUS,0
V_C_Status,EAS06,INPUTSTATUS,IPSTATUS,0
A_Status,EAS06,INPUTSTATUS,IPSTATUS,0
A_A_Status,EAS06,INPUTSTATUS,IPSTATUS,0
A_B_Status,EAS06,INPUTSTATUS,IPSTATUS,0
A_C_Status,EAS06,INPUTSTATUS,IPSTATUS,0
PF_Status,EAS06,INPUTSTATUS,IPSTATUS,0
PF_A_Status,EAS06,INPUTSTATUS,IPSTATUS,0
PF_B_Status,EAS06,INPUTSTATUS,IPSTATUS,0
PF_C_Status,EAS06,INPUTSTATUS,IPSTATUS,0
KVAR_COMP_Status,ROC11,INPUTSTATUS,IPSTATUS,0
KVAR_COMP_Status,ROC04,INPUTSTATUS,IPSTATUS,0
FREQUENCY_Status,ROC04,INPUTSTATUS,IPSTATUS,0
A_N_Status,ROC04,INPUTSTATUS,IPSTATUS,0
KW_COMP_Status,ROC05,INPUTSTATUS,IPSTATUS,0
FREQUENCY_Status,ROC05,INPUTSTATUS,IPSTATUS,0
A_N_Status,ROC05,INPUTSTATUS,IPSTATUS,0
FREQUENCY_Status,ROC06,INPUTSTATUS,IPSTATUS,0
KW_COMP_Status,GAF01A,INPUTSTATUS,IPSTATUS,0
KW_A_Status,GAF01A,INPUTSTATUS,IPSTATUS,0
KW_B_Status,GAF01A,INPUTSTATUS,IPSTATUS,0
KW_C_Status,GAF01A,INPUTSTATUS,IPSTATUS,0
KVAR_COMP_Status,GAF01A,INPUTSTATUS,IPSTATUS,0
KVAR_A_Status,GAF01A,INPUTSTATUS,IPSTATUS,0
KVAR_B_Status,GAF01A,INPUTSTATUS,IPSTATUS,0
KVAR_C_Status,GAF01A,INPUTSTATUS,IPSTATUS,0
V_Status,GAF01A,INPUTSTATUS,IPSTATUS,0
V_A_Status,GAF01A,INPUTSTATUS,IPSTATUS,0
V_B_Status,GAF01A,INPUTSTATUS,IPSTATUS,0
V_C_Status,GAF01A,INPUTSTATUS,IPSTATUS,0
A_Status,GAF01A,INPUTSTATUS,IPSTATUS,0
A_A_Status,GAF01A,INPUTSTATUS,IPSTATUS,0
A_B_Status,GAF01A,INPUTSTATUS,IPSTATUS,0
A_C_Status,GAF01A,INPUTSTATUS,IPSTATUS,0
PF_Status,GAF01A,INPUTSTATUS,IPSTATUS,0
PF_A_Status,GAF01A,INPUTSTATUS,IPSTATUS,0
PF_B_Status,GAF01A,INPUTSTATUS,IPSTATUS,0
PF_C_Status,GAF01A,INPUTSTATUS,IPSTATUS,0
KVAR_COMP_Status,ROC06,INPUTSTATUS,IPSTATUS,0
A_N_Status,ROC06,INPUTSTATUS,IPSTATUS,0
FREQUENCY_Status,UNI01,INPUTSTATUS,IPSTATUS,0
FREQUENCY_Status,UNI04,INPUTSTATUS,IPSTATUS,0
A_N_Status,UNI01,INPUTSTATUS,IPSTATUS,0
A_N_Status,UNI04,INPUTSTATUS,IPSTATUS,0
A_N_Status,UNI06,INPUTSTATUS,IPSTATUS,0
FREQUENCY_Status,UNI06,INPUTSTATUS,IPSTATUS,0
KW_COMP_Status,GAF01B,INPUTSTATUS,IPSTATUS,0
KW_A_Status,GAF01B,INPUTSTATUS,IPSTATUS,0
KW_B_Status,GAF01B,INPUTSTATUS,IPSTATUS,0
KW_C_Status,GAF01B,INPUTSTATUS,IPSTATUS,0
KVAR_Status,GAF01B,INPUTSTATUS,IPSTATUS,0
KVAR_A_Status,GAF01B,INPUTSTATUS,IPSTATUS,0
KVAR_B_Status,GAF01B,INPUTSTATUS,IPSTATUS,0
KVAR_C_Status,GAF01B,INPUTSTATUS,IPSTATUS,0
V_Status,GAF01B,INPUTSTATUS,IPSTATUS,0
V_A_Status,GAF01B,INPUTSTATUS,IPSTATUS,0
V_B_Status,GAF01B,INPUTSTATUS,IPSTATUS,0
V_C_Status,GAF01B,INPUTSTATUS,IPSTATUS,0
A_Status,GAF01B,INPUTSTATUS,IPSTATUS,0
A_A_Status,GAF01B,INPUTSTATUS,IPSTATUS,0
A_B_Status,GAF01B,INPUTSTATUS,IPSTATUS,0
A_C_Status,GAF01B,INPUTSTATUS,IPSTATUS,0
PF_Status,GAF01B,INPUTSTATUS,IPSTATUS,0
PF_A_Status,GAF01B,INPUTSTATUS,IPSTATUS,0
PF_B_Status,GAF01B,INPUTSTATUS,IPSTATUS,0
PF_C_Status,GAF01B,INPUTSTATUS,IPSTATUS,0
KW_Status,GAF01B,INPUTSTATUS,IPSTATUS,0
DS1_Signal_Status,SOUTHERN,DS_STATE,IPSTATUS,0
DS2_Signal_Status,SOUTHERN,DS_STATE,IPSTATUS,0
DS3_Signal_Status,SOUTHERN,DS_STATE,IPSTATUS,0
KW_Status,EAS06,INPUTSTATUS,IPSTATUS,0
SPC_Load_Faillure,SOUTHERN,DS_STATE,IPSTATUS,0
ROC07A_PRI_RTU,SYS$,DOWNNORMAL,RTU,1
ROC07A_CHK_RTU,SYS$,DOWNNORMAL,RTU,1
KW_COMP_Status,GAF02,INPUTSTATUS,IPSTATUS,0
KW_A_Status,GAF02,INPUTSTATUS,IPSTATUS,0
KW_B_Status,GAF02,INPUTSTATUS,IPSTATUS,0
KW_C_Status,GAF02,INPUTSTATUS,IPSTATUS,0
KVAR_Status,GAF02,INPUTSTATUS,IPSTATUS,0
KVAR_A_Status,GAF02,INPUTSTATUS,IPSTATUS,0
KVAR_B_Status,GAF02,INPUTSTATUS,IPSTATUS,0
KVAR_C_Status,GAF02,INPUTSTATUS,IPSTATUS,0
V_Status,GAF02,INPUTSTATUS,IPSTATUS,0
V_A_Status,GAF02,INPUTSTATUS,IPSTATUS,0
V_B_Status,GAF02,INPUTSTATUS,IPSTATUS,0
V_C_Status,GAF02,INPUTSTATUS,IPSTATUS,0
A_Status,GAF02,INPUTSTATUS,IPSTATUS,0
A_A_Status,GAF02,INPUTSTATUS,IPSTATUS,0
A_B_Status,GAF02,INPUTSTATUS,IPSTATUS,0
A_C_Status,GAF02,INPUTSTATUS,IPSTATUS,0
PF_Status,GAF02,INPUTSTATUS,IPSTATUS,0
PF_A_Status,GAF02,INPUTSTATUS,IPSTATUS,0
PF_B_Status,GAF02,INPUTSTATUS,IPSTATUS,0
PF_C_Status,GAF02,INPUTSTATUS,IPSTATUS,0
KW_Status,GAF02,INPUTSTATUS,IPSTATUS,0
KW_COMP_Status,ROC07A,INPUTSTATUS,IPSTATUS,0
FREQUENCY_Status,ROC07A,INPUTSTATUS,IPSTATUS,0
A_N_Status,ROC07A,INPUTSTATUS,IPSTATUS,0
KVAR_COMP_Status,ROC07A,INPUTSTATUS,IPSTATUS,0
KW_Status,ROC07A,INPUTSTATUS,IPSTATUS,0
KW_A_Status,ROC07A,INPUTSTATUS,IPSTATUS,0
KW_B_Status,ROC07A,INPUTSTATUS,IPSTATUS,0
KW_COMP_Status,GRE02A,INPUTSTATUS,IPSTATUS,0
KW_A_Status,GRE02A,INPUTSTATUS,IPSTATUS,0
KW_B_Status,GRE02A,INPUTSTATUS,IPSTATUS,0
KW_C_Status,GRE02A,INPUTSTATUS,IPSTATUS,0
KVAR_Status,GRE02A,INPUTSTATUS,IPSTATUS,0
KVAR_A_Status,GRE02A,INPUTSTATUS,IPSTATUS,0
KVAR_B_Status,GRE02A,INPUTSTATUS,IPSTATUS,0
KVAR_C_Status,GRE02A,INPUTSTATUS,IPSTATUS,0
V_Status,GRE02A,INPUTSTATUS,IPSTATUS,0
V_A_Status,GRE02A,INPUTSTATUS,IPSTATUS,0
V_B_Status,GRE02A,INPUTSTATUS,IPSTATUS,0
V_C_Status,GRE02A,INPUTSTATUS,IPSTATUS,0
A_Status,GRE02A,INPUTSTATUS,IPSTATUS,0
A_A_Status,GRE02A,INPUTSTATUS,IPSTATUS,0
A_B_Status,GRE02A,INPUTSTATUS,IPSTATUS,0
A_C_Status,GRE02A,INPUTSTATUS,IPSTATUS,0
PF_Status,GRE02A,INPUTSTATUS,IPSTATUS,0
PF_A_Status,GRE02A,INPUTSTATUS,IPSTATUS,0
PF_B_Status,GRE02A,INPUTSTATUS,IPSTATUS,0
PF_C_Status,GRE02A,INPUTSTATUS,IPSTATUS,0
KW_Status,GRE02A,INPUTSTATUS,IPSTATUS,0
KW_C_Status,ROC07A,INPUTSTATUS,IPSTATUS,0
KVAR_Status,ROC07A,INPUTSTATUS,IPSTATUS,0
KVAR_A_Status,ROC07A,INPUTSTATUS,IPSTATUS,0
KVAR_B_Status,ROC07A,INPUTSTATUS,IPSTATUS,0
KVAR_C_Status,ROC07A,INPUTSTATUS,IPSTATUS,0
V_Status,ROC07A,INPUTSTATUS,IPSTATUS,0
V_A_Status,ROC07A,INPUTSTATUS,IPSTATUS,0
KW_COMP_Status,GRE02B,INPUTSTATUS,IPSTATUS,0
KW_A_Status,GRE02B,INPUTSTATUS,IPSTATUS,0
KW_B_Status,GRE02B,INPUTSTATUS,IPSTATUS,0
KW_C_Status,GRE02B,INPUTSTATUS,IPSTATUS,0
KVAR_Status,GRE02B,INPUTSTATUS,IPSTATUS,0
KVAR_A_Status,GRE02B,INPUTSTATUS,IPSTATUS,0
KVAR_B_Status,GRE02B,INPUTSTATUS,IPSTATUS,0
KVAR_C_Status,GRE02B,INPUTSTATUS,IPSTATUS,0
V_Status,GRE02B,INPUTSTATUS,IPSTATUS,0
V_A_Status,GRE02B,INPUTSTATUS,IPSTATUS,0
V_B_Status,GRE02B,INPUTSTATUS,IPSTATUS,0
V_C_Status,GRE02B,INPUTSTATUS,IPSTATUS,0
A_Status,GRE02B,INPUTSTATUS,IPSTATUS,0
A_A_Status,GRE02B,INPUTSTATUS,IPSTATUS,0
A_B_Status,GRE02B,INPUTSTATUS,IPSTATUS,0
A_C_Status,GRE02B,INPUTSTATUS,IPSTATUS,0
PF_Status,GRE02B,INPUTSTATUS,IPSTATUS,0
PF_A_Status,GRE02B,INPUTSTATUS,IPSTATUS,0
PF_B_Status,GRE02B,INPUTSTATUS,IPSTATUS,0
PF_C_Status,GRE02B,INPUTSTATUS,IPSTATUS,0
KW_Status,GRE02B,INPUTSTATUS,IPSTATUS,0
V_B_Status,ROC07A,INPUTSTATUS,IPSTATUS,0
V_C_Status,ROC07A,INPUTSTATUS,IPSTATUS,0
A_Status,ROC07A,INPUTSTATUS,IPSTATUS,0
A_A_Status,ROC07A,INPUTSTATUS,IPSTATUS,0
A_B_Status,ROC07A,INPUTSTATUS,IPSTATUS,0
A_C_Status,ROC07A,INPUTSTATUS,IPSTATUS,0
PF_Status,ROC07A,INPUTSTATUS,IPSTATUS,0
KW_COMP_Status,GRE03A,INPUTSTATUS,IPSTATUS,0
KW_A_Status,GRE03A,INPUTSTATUS,IPSTATUS,0
KW_B_Status,GRE03A,INPUTSTATUS,IPSTATUS,0
KW_C_Status,GRE03A,INPUTSTATUS,IPSTATUS,0
KVAR_Status,GRE03A,INPUTSTATUS,IPSTATUS,0
KVAR_A_Status,GRE03A,INPUTSTATUS,IPSTATUS,0
KVAR_B_Status,GRE03A,INPUTSTATUS,IPSTATUS,0
KVAR_C_Status,GRE03A,INPUTSTATUS,IPSTATUS,0
V_Status,GRE03A,INPUTSTATUS,IPSTATUS,0
V_A_Status,GRE03A,INPUTSTATUS,IPSTATUS,0
V_B_Status,GRE03A,INPUTSTATUS,IPSTATUS,0
V_C_Status,GRE03A,INPUTSTATUS,IPSTATUS,0
A_Status,GRE03A,INPUTSTATUS,IPSTATUS,0
A_A_Status,GRE03A,INPUTSTATUS,IPSTATUS,0
A_B_Status,GRE03A,INPUTSTATUS,IPSTATUS,0
A_C_Status,GRE03A,INPUTSTATUS,IPSTATUS,0
PF_Status,GRE03A,INPUTSTATUS,IPSTATUS,0
PF_A_Status,GRE03A,INPUTSTATUS,IPSTATUS,0
PF_B_Status,GRE03A,INPUTSTATUS,IPSTATUS,0
PF_C_Status,GRE03A,INPUTSTATUS,IPSTATUS,0
KW_Status,GRE03A,INPUTSTATUS,IPSTATUS,0
PF_A_Status,ROC07A,INPUTSTATUS,IPSTATUS,0
PF_B_Status,ROC07A,INPUTSTATUS,IPSTATUS,0
PF_C_Status,ROC07A,INPUTSTATUS,IPSTATUS,0
AC_LOSS_Status,ROC07A,OKFAILED,IPSTATUS,1
S1_POSITION,KOHLER_GEN,OFFON,RTU,1
S2_POSITION,KOHLER_GEN,OFFON,RTU,0
AUX_LED1,KOHLER_GEN,RUNNINGSTOPPED,PRIIP,0
KW_COMP_Status,GRE03B,INPUTSTATUS,IPSTATUS,0
KW_A_Status,GRE03B,INPUTSTATUS,IPSTATUS,0
KW_B_Status,GRE03B,INPUTSTATUS,IPSTATUS,0
KW_C_Status,GRE03B,INPUTSTATUS,IPSTATUS,0
KVAR_Status,GRE03B,INPUTSTATUS,IPSTATUS,0
KVAR_A_Status,GRE03B,INPUTSTATUS,IPSTATUS,0
KVAR_B_Status,GRE03B,INPUTSTATUS,IPSTATUS,0
KVAR_C_Status,GRE03B,INPUTSTATUS,IPSTATUS,0
V_Status,GRE03B,INPUTSTATUS,IPSTATUS,0
V_A_Status,GRE03B,INPUTSTATUS,IPSTATUS,0
V_B_Status,GRE03B,INPUTSTATUS,IPSTATUS,0
V_C_Status,GRE03B,INPUTSTATUS,IPSTATUS,0
A_Status,GRE03B,INPUTSTATUS,IPSTATUS,0
A_A_Status,GRE03B,INPUTSTATUS,IPSTATUS,0
A_B_Status,GRE03B,INPUTSTATUS,IPSTATUS,0
A_C_Status,GRE03B,INPUTSTATUS,IPSTATUS,0
PF_Status,GRE03B,INPUTSTATUS,IPSTATUS,0
PF_A_Status,GRE03B,INPUTSTATUS,IPSTATUS,0
PF_B_Status,GRE03B,INPUTSTATUS,IPSTATUS,0
PF_C_Status,GRE03B,INPUTSTATUS,IPSTATUS,0
KW_Status,GRE03B,INPUTSTATUS,IPSTATUS,0
RTAC_UPS_ALARM,KOHLER_GEN,FAILEDOK,RTU,0
WEATHER_FILE_STATUS,WEATHER,OKFAILED,DIGITAL,0
Q1000Comm_Status,MOONBEAM,DOWNNORMAL,IPSTATUS,1
RTU_Status,MOONBEAM,DOWNNORMAL,IPSTATUS,1
DUKE_ICCP_SRV,SYS$,DOWNNORMAL,COMMLINE,1
KVAR_COMP_Status,GRE06,INPUTSTATUS,IPSTATUS,0
FREQUENCY_Status,GRE06,INPUTSTATUS,IPSTATUS,0
KW_COMP_Status,GRE04A,INPUTSTATUS,IPSTATUS,0
KW_A_Status,GRE04A,INPUTSTATUS,IPSTATUS,0
KW_B_Status,GRE04A,INPUTSTATUS,IPSTATUS,0
KW_C_Status,GRE04A,INPUTSTATUS,IPSTATUS,0
KVAR_Status,GRE04A,INPUTSTATUS,IPSTATUS,0
KVAR_A_Status,GRE04A,INPUTSTATUS,IPSTATUS,0
KVAR_B_Status,GRE04A,INPUTSTATUS,IPSTATUS,0
KVAR_C_Status,GRE04A,INPUTSTATUS,IPSTATUS,0
V_Status,GRE04A,INPUTSTATUS,IPSTATUS,0
V_A_Status,GRE04A,INPUTSTATUS,IPSTATUS,0
V_B_Status,GRE04A,INPUTSTATUS,IPSTATUS,0
V_C_Status,GRE04A,INPUTSTATUS,IPSTATUS,0
A_Status,GRE04A,INPUTSTATUS,IPSTATUS,0
A_A_Status,GRE04A,INPUTSTATUS,IPSTATUS,0
A_B_Status,GRE04A,INPUTSTATUS,IPSTATUS,0
A_C_Status,GRE04A,INPUTSTATUS,IPSTATUS,0
PF_Status,GRE04A,INPUTSTATUS,IPSTATUS,0
PF_A_Status,GRE04A,INPUTSTATUS,IPSTATUS,0
PF_B_Status,GRE04A,INPUTSTATUS,IPSTATUS,0
PF_C_Status,GRE04A,INPUTSTATUS,IPSTATUS,0
KW_Status,GRE04A,INPUTSTATUS,IPSTATUS,0
A_N_Status,GRE06,INPUTSTATUS,IPSTATUS,0
KW_COMP_Status,GRE06,INPUTSTATUS,IPSTATUS,0
KW_A_Status,GRE06,INPUTSTATUS,IPSTATUS,0
KW_B_Status,GRE06,INPUTSTATUS,IPSTATUS,0
KW_C_Status,GRE06,INPUTSTATUS,IPSTATUS,0
KVAR_Status,GRE06,INPUTSTATUS,IPSTATUS,0
KVAR_A_Status,GRE06,INPUTSTATUS,IPSTATUS,0
KW_COMP_Status,GRE04B,INPUTSTATUS,IPSTATUS,0
KW_A_Status,GRE04B,INPUTSTATUS,IPSTATUS,0
KW_B_Status,GRE04B,INPUTSTATUS,IPSTATUS,0
KW_C_Status,GRE04B,INPUTSTATUS,IPSTATUS,0
KVAR_Status,GRE04B,INPUTSTATUS,IPSTATUS,0
KVAR_A_Status,GRE04B,INPUTSTATUS,IPSTATUS,0
KVAR_B_Status,GRE04B,INPUTSTATUS,IPSTATUS,0
KVAR_C_Status,GRE04B,INPUTSTATUS,IPSTATUS,0
V_Status,GRE04B,INPUTSTATUS,IPSTATUS,0
V_A_Status,GRE04B,INPUTSTATUS,IPSTATUS,0
V_B_Status,GRE04B,INPUTSTATUS,IPSTATUS,0
V_C_Status,GRE04B,INPUTSTATUS,IPSTATUS,0
A_Status,GRE04B,INPUTSTATUS,IPSTATUS,0
A_A_Status,GRE04B,INPUTSTATUS,IPSTATUS,0
A_B_Status,GRE04B,INPUTSTATUS,IPSTATUS,0
A_C_Status,GRE04B,INPUTSTATUS,IPSTATUS,0
PF_Status,GRE04B,INPUTSTATUS,IPSTATUS,0
PF_A_Status,GRE04B,INPUTSTATUS,IPSTATUS,0
PF_B_Status,GRE04B,INPUTSTATUS,IPSTATUS,0
PF_C_Status,GRE04B,INPUTSTATUS,IPSTATUS,0
KW_Status,GRE04B,INPUTSTATUS,IPSTATUS,0
KVAR_B_Status,GRE06,INPUTSTATUS,IPSTATUS,0
KVAR_C_Status,GRE06,INPUTSTATUS,IPSTATUS,0
V_Status,GRE06,INPUTSTATUS,IPSTATUS,0
V_A_Status,GRE06,INPUTSTATUS,IPSTATUS,0
V_B_Status,GRE06,INPUTSTATUS,IPSTATUS,0
V_C_Status,GRE06,INPUTSTATUS,IPSTATUS,0
A_Status,GRE06,INPUTSTATUS,IPSTATUS,0
KW_COMP_Status,LAU03,INPUTSTATUS,IPSTATUS,0
KW_A_Status,LAU03,INPUTSTATUS,IPSTATUS,0
KW_B_Status,LAU03,INPUTSTATUS,IPSTATUS,0
KW_C_Status,LAU03,INPUTSTATUS,IPSTATUS,0
KVAR_Status,LAU03,INPUTSTATUS,IPSTATUS,0
KVAR_A_Status,LAU03,INPUTSTATUS,IPSTATUS,0
KVAR_B_Status,LAU03,INPUTSTATUS,IPSTATUS,0
KVAR_C_Status,LAU03,INPUTSTATUS,IPSTATUS,0
V_Status,LAU03,INPUTSTATUS,IPSTATUS,0
V_A_Status,LAU03,INPUTSTATUS,IPSTATUS,0
V_B_Status,LAU03,INPUTSTATUS,IPSTATUS,0
V_C_Status,LAU03,INPUTSTATUS,IPSTATUS,0
A_Status,LAU03,INPUTSTATUS,IPSTATUS,0
A_A_Status,LAU03,INPUTSTATUS,IPSTATUS,0
A_B_Status,LAU03,INPUTSTATUS,IPSTATUS,0
A_C_Status,LAU03,INPUTSTATUS,IPSTATUS,0
PF_Status,LAU03,INPUTSTATUS,IPSTATUS,0
PF_A_Status,LAU03,INPUTSTATUS,IPSTATUS,0
PF_B_Status,LAU03,INPUTSTATUS,IPSTATUS,0
PF_C_Status,LAU03,INPUTSTATUS,IPSTATUS,0
KW_Status,LAU03,INPUTSTATUS,IPSTATUS,0
KW_A_UN_Status,LAU03,INPUTSTATUS,IPSTATUS,0
KW_B_UN_Status,LAU03,INPUTSTATUS,IPSTATUS,0
KW_C_UN_Status,LAU03,INPUTSTATUS,IPSTATUS,0
KVAR_UN_Status,LAU03,INPUTSTATUS,IPSTATUS,0
KVAR_A_UN_Status,LAU03,INPUTSTATUS,IPSTATUS,0
KVAR_B_UN_Status,LAU03,INPUTSTATUS,IPSTATUS,0
KVAR_C_UN_Status,LAU03,INPUTSTATUS,IPSTATUS,0
KW_COMP_Status,LAU04A,INPUTSTATUS,IPSTATUS,0
KW_A_Status,LAU04A,INPUTSTATUS,IPSTATUS,0
KW_B_Status,LAU04A,INPUTSTATUS,IPSTATUS,0
KW_C_Status,LAU04A,INPUTSTATUS,IPSTATUS,0
KVAR_Status,LAU04A,INPUTSTATUS,IPSTATUS,0
KVAR_A_Status,LAU04A,INPUTSTATUS,IPSTATUS,0
KVAR_B_Status,LAU04A,INPUTSTATUS,IPSTATUS,0
KVAR_C_Status,LAU04A,INPUTSTATUS,IPSTATUS,0
V_Status,LAU04A,INPUTSTATUS,IPSTATUS,0
V_A_Status,LAU04A,INPUTSTATUS,IPSTATUS,0
V_B_Status,LAU04A,INPUTSTATUS,IPSTATUS,0
V_C_Status,LAU04A,INPUTSTATUS,IPSTATUS,0
A_Status,LAU04A,INPUTSTATUS,IPSTATUS,0
A_A_Status,LAU04A,INPUTSTATUS,IPSTATUS,0
A_B_Status,LAU04A,INPUTSTATUS,IPSTATUS,0
A_C_Status,LAU04A,INPUTSTATUS,IPSTATUS,0
PF_Status,LAU04A,INPUTSTATUS,IPSTATUS,0
PF_A_Status,LAU04A,INPUTSTATUS,IPSTATUS,0
PF_B_Status,LAU04A,INPUTSTATUS,IPSTATUS,0
PF_C_Status,LAU04A,INPUTSTATUS,IPSTATUS,0
KW_Status,LAU04A,INPUTSTATUS,IPSTATUS,0
A_A_Status,GRE06,INPUTSTATUS,IPSTATUS,0
A_B_Status,GRE06,INPUTSTATUS,IPSTATUS,0
A_C_Status,GRE06,INPUTSTATUS,IPSTATUS,0
PF_Status,GRE06,INPUTSTATUS,IPSTATUS,0
PF_A_Status,GRE06,INPUTSTATUS,IPSTATUS,0
PF_B_Status,GRE06,INPUTSTATUS,IPSTATUS,0
PF_C_Status,GRE06,INPUTSTATUS,IPSTATUS,0
KW_COMP_Status,LAU04B,INPUTSTATUS,IPSTATUS,0
KW_A_Status,LAU04B,INPUTSTATUS,IPSTATUS,0
KW_B_Status,LAU04B,INPUTSTATUS,IPSTATUS,0
KW_C_Status,LAU04B,INPUTSTATUS,IPSTATUS,0
KVAR_Status,LAU04B,INPUTSTATUS,IPSTATUS,0
KVAR_A_Status,LAU04B,INPUTSTATUS,IPSTATUS,0
KVAR_B_Status,LAU04B,INPUTSTATUS,IPSTATUS,0
KVAR_C_Status,LAU04B,INPUTSTATUS,IPSTATUS,0
V_Status,LAU04B,INPUTSTATUS,IPSTATUS,0
V_A_Status,LAU04B,INPUTSTATUS,IPSTATUS,0
V_B_Status,LAU04B,INPUTSTATUS,IPSTATUS,0
V_C_Status,LAU04B,INPUTSTATUS,IPSTATUS,0
A_Status,LAU04B,INPUTSTATUS,IPSTATUS,0
A_A_Status,LAU04B,INPUTSTATUS,IPSTATUS,0
A_B_Status,LAU04B,INPUTSTATUS,IPSTATUS,0
A_C_Status,LAU04B,INPUTSTATUS,IPSTATUS,0
PF_Status,LAU04B,INPUTSTATUS,IPSTATUS,0
PF_A_Status,LAU04B,INPUTSTATUS,IPSTATUS,0
PF_B_Status,LAU04B,INPUTSTATUS,IPSTATUS,0
PF_C_Status,LAU04B,INPUTSTATUS,IPSTATUS,0
KW_Status,LAU04B,INPUTSTATUS,IPSTATUS,0
KW_Status,GRE06,INPUTSTATUS,IPSTATUS,0
DC_LOSS_Status,GRE06,OKFAILED,IPSTATUS,1
GRE06_PRI_RTU,SYS$,DOWNNORMAL,RTU,1
ACLOSS_Status,MOONBEAM,OKFAILED,PRIIP,1
GRE06_CHK_RTU,SYS$,DOWNNORMAL,RTU,1
GRE05A_PRI_RTU,SYS$,DOWNNORMAL,RTU,1
KVAR_COMP_Status,GRE05A,INPUTSTATUS,IPSTATUS,0
KW_COMP_Status,NEW02,INPUTSTATUS,IPSTATUS,0
AC_LOSS_Status,GRE03A,OKFAILED,IPSTATUS,1
AC_LOSS_Status,GRE02A,OKFAILED,IPSTATUS,1
AC_LOSS_Status,GRE02B,OKFAILED,IPSTATUS,1
KVAR_COMP_Status,NEW02,INPUTSTATUS,IPSTATUS,0
A_N_Status,NEW02,INPUTSTATUS,IPSTATUS,0
PRI_WES01_COMMDOWN_Status,WES01,DOWNNORMAL,RTU,0
AC_LOSS_Status,GRE03B,OKFAILED,IPSTATUS,1
V_Status,NEW02,INPUTSTATUS,IPSTATUS,0
V_A_Status,NEW02,INPUTSTATUS,IPSTATUS,0
V_B_Status,NEW02,INPUTSTATUS,IPSTATUS,0
V_C_Status,NEW02,INPUTSTATUS,IPSTATUS,0
A_Status,NEW02,INPUTSTATUS,IPSTATUS,0
A_A_Status,NEW02,INPUTSTATUS,IPSTATUS,0
A_B_Status,NEW02,INPUTSTATUS,IPSTATUS,0
A_C_Status,NEW02,INPUTSTATUS,IPSTATUS,0
PF_Status,NEW02,INPUTSTATUS,IPSTATUS,0
PF_A_Status,NEW02,INPUTSTATUS,IPSTATUS,0
PF_B_Status,NEW02,INPUTSTATUS,IPSTATUS,0
PF_C_Status,NEW02,INPUTSTATUS,IPSTATUS,0
KW_Status,NEW02,INPUTSTATUS,IPSTATUS,0
KW_A_Status,NEW02,INPUTSTATUS,IPSTATUS,0
KW_B_Status,NEW02,INPUTSTATUS,IPSTATUS,0
KW_C_Status,NEW02,INPUTSTATUS,IPSTATUS,0
KVAR_Status,NEW02,INPUTSTATUS,IPSTATUS,0
KVAR_A_Status,NEW02,INPUTSTATUS,IPSTATUS,0
KVAR_B_Status,NEW02,INPUTSTATUS,IPSTATUS,0
KVAR_C_Status,NEW02,INPUTSTATUS,IPSTATUS,0
KW_COMP_Status,NEW03,INPUTSTATUS,IPSTATUS,0
KW_A_Status,NEW03,INPUTSTATUS,IPSTATUS,0
KW_B_Status,NEW03,INPUTSTATUS,IPSTATUS,0
KW_C_Status,NEW03,INPUTSTATUS,IPSTATUS,0
KVAR_Status,NEW03,INPUTSTATUS,IPSTATUS,0
A_N_Status,NEW03,INPUTSTATUS,IPSTATUS,0
KVAR_B_Status,NEW03,INPUTSTATUS,IPSTATUS,0
KVAR_C_Status,NEW03,INPUTSTATUS,IPSTATUS,0
V_Status,NEW03,INPUTSTATUS,IPSTATUS,0
V_A_Status,NEW03,INPUTSTATUS,IPSTATUS,0
V_B_Status,NEW03,INPUTSTATUS,IPSTATUS,0
V_C_Status,NEW03,INPUTSTATUS,IPSTATUS,0
A_Status,NEW03,INPUTSTATUS,IPSTATUS,0
A_A_Status,NEW03,INPUTSTATUS,IPSTATUS,0
A_B_Status,NEW03,INPUTSTATUS,IPSTATUS,0
A_C_Status,NEW03,INPUTSTATUS,IPSTATUS,0
PF_Status,NEW03,INPUTSTATUS,IPSTATUS,0
PF_A_Status,NEW03,INPUTSTATUS,IPSTATUS,0
PF_B_Status,NEW03,INPUTSTATUS,IPSTATUS,0
PF_C_Status,NEW03,INPUTSTATUS,IPSTATUS,0
A_N_Status,WES01,INPUTSTATUS,IPSTATUS,0
FREQUENCY_Status,WES01,INPUTSTATUS,IPSTATUS,0
KVAR_COMP_Status,UNI01,INPUTSTATUS,IPSTATUS,0
KVAR_COMP_Status,UNI04,INPUTSTATUS,IPSTATUS,0
KVAR_COMP_Status,UNI06,INPUTSTATUS,IPSTATUS,0
KVAR_COMP_Status,WES01,INPUTSTATUS,IPSTATUS,0
KVAR_COMP_Status,ROC10,INPUTSTATUS,IPSTATUS,0
A_N_Status,ROC11,INPUTSTATUS,IPSTATUS,0
KW_Status,NEW04,INPUTSTATUS,IPSTATUS,0
KW_A_Status,NEW04,INPUTSTATUS,IPSTATUS,0
KW_B_Status,NEW04,INPUTSTATUS,IPSTATUS,0
KW_C_Status,NEW04,INPUTSTATUS,IPSTATUS,0
KVAR_Status,NEW04,INPUTSTATUS,IPSTATUS,0
A_N_Status,NEW04,INPUTSTATUS,IPSTATUS,0
KVAR_B_Status,NEW04,INPUTSTATUS,IPSTATUS,0
KVAR_C_Status,NEW04,INPUTSTATUS,IPSTATUS,0
V_Status,NEW04,INPUTSTATUS,IPSTATUS,0
V_A_Status,NEW04,INPUTSTATUS,IPSTATUS,0
V_B_Status,NEW04,INPUTSTATUS,IPSTATUS,0
V_C_Status,NEW04,INPUTSTATUS,IPSTATUS,0
A_Status,NEW04,INPUTSTATUS,IPSTATUS,0
A_A_Status,NEW04,INPUTSTATUS,IPSTATUS,0
A_B_Status,NEW04,INPUTSTATUS,IPSTATUS,0
A_C_Status,NEW04,INPUTSTATUS,IPSTATUS,0
PF_Status,NEW04,INPUTSTATUS,IPSTATUS,0
PF_A_Status,NEW04,INPUTSTATUS,IPSTATUS,0
PF_B_Status,NEW04,INPUTSTATUS,IPSTATUS,0
PF_C_Status,NEW04,INPUTSTATUS,IPSTATUS,0
KVAR_COMP_Status,ROC05,INPUTSTATUS,IPSTATUS,0
FREQUENCY_Status,GRE05A,INPUTSTATUS,IPSTATUS,0
A_N_Status,GRE05A,INPUTSTATUS,IPSTATUS,0
KW_COMP_Status,GRE05A,INPUTSTATUS,IPSTATUS,0
KW_A_Status,GRE05A,INPUTSTATUS,IPSTATUS,0
KW_B_Status,GRE05A,INPUTSTATUS,IPSTATUS,0
KW_C_Status,GRE05A,INPUTSTATUS,IPSTATUS,0
KVAR_Status,GRE05A,INPUTSTATUS,IPSTATUS,0
KW_Status,ROC10,INPUTSTATUS,IPSTATUS,0
KW_A_Status,ROC10,INPUTSTATUS,IPSTATUS,0
KW_B_Status,ROC10,INPUTSTATUS,IPSTATUS,0
KW_C_Status,ROC10,INPUTSTATUS,IPSTATUS,0
KVAR_Status,ROC10,INPUTSTATUS,IPSTATUS,0
KVAR_A_Status,ROC10,INPUTSTATUS,IPSTATUS,0
KVAR_B_Status,ROC10,INPUTSTATUS,IPSTATUS,0
KVAR_C_Status,ROC10,INPUTSTATUS,IPSTATUS,0
V_Status,ROC10,INPUTSTATUS,IPSTATUS,0
V_A_Status,ROC10,INPUTSTATUS,IPSTATUS,0
V_B_Status,ROC10,INPUTSTATUS,IPSTATUS,0
V_C_Status,ROC10,INPUTSTATUS,IPSTATUS,0
A_Status,ROC10,INPUTSTATUS,IPSTATUS,0
A_A_Status,ROC10,INPUTSTATUS,IPSTATUS,0
A_B_Status,ROC10,INPUTSTATUS,IPSTATUS,0
A_C_Status,ROC10,INPUTSTATUS,IPSTATUS,0
PF_Status,ROC10,INPUTSTATUS,IPSTATUS,0
PF_A_Status,ROC10,INPUTSTATUS,IPSTATUS,0
PF_B_Status,ROC10,INPUTSTATUS,IPSTATUS,0
PF_C_Status,ROC10,INPUTSTATUS,IPSTATUS,0
KVAR_A_Status,GRE05A,INPUTSTATUS,IPSTATUS,0
KVAR_B_Status,GRE05A,INPUTSTATUS,IPSTATUS,0
KVAR_C_Status,GRE05A,INPUTSTATUS,IPSTATUS,0
V_Status,GRE05A,INPUTSTATUS,IPSTATUS,0
V_A_Status,GRE05A,INPUTSTATUS,IPSTATUS,0
V_B_Status,GRE05A,INPUTSTATUS,IPSTATUS,0
V_C_Status,GRE05A,INPUTSTATUS,IPSTATUS,0
A_Status,GRE05A,INPUTSTATUS,IPSTATUS,0
KW_COMP_Status,ROC11,INPUTSTATUS,IPSTATUS,0
KW_A_Status,ROC11,INPUTSTATUS,IPSTATUS,0
KW_B_Status,ROC11,INPUTSTATUS,IPSTATUS,0
KW_C_Status,ROC11,INPUTSTATUS,IPSTATUS,0
KVAR_Status,ROC11,INPUTSTATUS,IPSTATUS,0
KVAR_A_Status,ROC11,INPUTSTATUS,IPSTATUS,0
KVAR_B_Status,ROC11,INPUTSTATUS,IPSTATUS,0
KVAR_C_Status,ROC11,INPUTSTATUS,IPSTATUS,0
V_Status,ROC11,INPUTSTATUS,IPSTATUS,0
V_A_Status,ROC11,INPUTSTATUS,IPSTATUS,0
V_B_Status,ROC11,INPUTSTATUS,IPSTATUS,0
V_C_Status,ROC11,INPUTSTATUS,IPSTATUS,0
A_Status,ROC11,INPUTSTATUS,IPSTATUS,0
A_A_Status,ROC11,INPUTSTATUS,IPSTATUS,0
A_B_Status,ROC11,INPUTSTATUS,IPSTATUS,0
A_C_Status,ROC11,INPUTSTATUS,IPSTATUS,0
PF_Status,ROC11,INPUTSTATUS,IPSTATUS,0
PF_A_Status,ROC11,INPUTSTATUS,IPSTATUS,0
PF_B_Status,ROC11,INPUTSTATUS,IPSTATUS,0
PF_C_Status,ROC11,INPUTSTATUS,IPSTATUS,0
KW_Status,ROC11,INPUTSTATUS,IPSTATUS,0
A_A_Status,GRE05A,INPUTSTATUS,IPSTATUS,0
A_B_Status,GRE05A,INPUTSTATUS,IPSTATUS,0
A_C_Status,GRE05A,INPUTSTATUS,IPSTATUS,0
PF_Status,GRE05A,INPUTSTATUS,IPSTATUS,0
PF_A_Status,GRE05A,INPUTSTATUS,IPSTATUS,0
PF_B_Status,GRE05A,INPUTSTATUS,IPSTATUS,0
PF_C_Status,GRE05A,INPUTSTATUS,IPSTATUS,0
KW_COMP_Status,ROC04,INPUTSTATUS,IPSTATUS,0
KW_A_Status,ROC04,INPUTSTATUS,IPSTATUS,0
KW_B_Status,ROC04,INPUTSTATUS,IPSTATUS,0
KW_C_Status,ROC04,INPUTSTATUS,IPSTATUS,0
KVAR_Status,ROC04,INPUTSTATUS,IPSTATUS,0
KVAR_A_Status,ROC04,INPUTSTATUS,IPSTATUS,0
KVAR_B_Status,ROC04,INPUTSTATUS,IPSTATUS,0
KVAR_C_Status,ROC04,INPUTSTATUS,IPSTATUS,0
V_Status,ROC04,INPUTSTATUS,IPSTATUS,0
V_A_Status,ROC04,INPUTSTATUS,IPSTATUS,0
V_B_Status,ROC04,INPUTSTATUS,IPSTATUS,0
V_C_Status,ROC04,INPUTSTATUS,IPSTATUS,0
A_Status,ROC04,INPUTSTATUS,IPSTATUS,0
A_A_Status,ROC04,INPUTSTATUS,IPSTATUS,0
A_B_Status,ROC04,INPUTSTATUS,IPSTATUS,0
A_C_Status,ROC04,INPUTSTATUS,IPSTATUS,0
PF_Status,ROC04,INPUTSTATUS,IPSTATUS,0
PF_A_Status,ROC04,INPUTSTATUS,IPSTATUS,0
PF_B_Status,ROC04,INPUTSTATUS,IPSTATUS,0
PF_C_Status,ROC04,INPUTSTATUS,IPSTATUS,0
KW_Status,ROC04,INPUTSTATUS,IPSTATUS,0
Dummy,SYS$,DOWNNORMAL,CALC,0
KW_Status,GRE05A,INPUTSTATUS,IPSTATUS,0
GRE05A_CHK_RTU,SYS$,DOWNNORMAL,RTU,1
AC_LOSS_Status,GRE05A,OKFAILED,IPSTATUS,1
GRE05B_CHK_RTU,SYS$,DOWNNORMAL,RTU,1
GRE05B_PRI_RTU,SYS$,DOWNNORMAL,RTU,1
KVAR_COMP_Status,GRE05B,INPUTSTATUS,IPSTATUS,0
KW_Status,ROC05,INPUTSTATUS,IPSTATUS,0
KW_A_Status,ROC05,INPUTSTATUS,IPSTATUS,0
KW_B_Status,ROC05,INPUTSTATUS,IPSTATUS,0
KW_C_Status,ROC05,INPUTSTATUS,IPSTATUS,0
KVAR_Status,ROC05,INPUTSTATUS,IPSTATUS,0
KVAR_A_Status,ROC05,INPUTSTATUS,IPSTATUS,0
KVAR_B_Status,ROC05,INPUTSTATUS,IPSTATUS,0
KVAR_C_Status,ROC05,INPUTSTATUS,IPSTATUS,0
V_Status,ROC05,INPUTSTATUS,IPSTATUS,0
V_A_Status,ROC05,INPUTSTATUS,IPSTATUS,0
V_B_Status,ROC05,INPUTSTATUS,IPSTATUS,0
V_C_Status,ROC05,INPUTSTATUS,IPSTATUS,0
A_Status,ROC05,INPUTSTATUS,IPSTATUS,0
A_A_Status,ROC05,INPUTSTATUS,IPSTATUS,0
A_B_Status,ROC05,INPUTSTATUS,IPSTATUS,0
A_C_Status,ROC05,INPUTSTATUS,IPSTATUS,0
PF_Status,ROC05,INPUTSTATUS,IPSTATUS,0
PF_A_Status,ROC05,INPUTSTATUS,IPSTATUS,0
PF_B_Status,ROC05,INPUTSTATUS,IPSTATUS,0
PF_C_Status,ROC05,INPUTSTATUS,IPSTATUS,0
FREQUENCY_Status,GRE05B,INPUTSTATUS,IPSTATUS,0
A_N_Status,GRE05B,INPUTSTATUS,IPSTATUS,0
KW_COMP_Status,GRE05B,INPUTSTATUS,IPSTATUS,0
KW_A_Status,GRE05B,INPUTSTATUS,IPSTATUS,0
KW_B_Status,GRE05B,INPUTSTATUS,IPSTATUS,0
KW_C_Status,GRE05B,INPUTSTATUS,IPSTATUS,0
KVAR_Status,GRE05B,INPUTSTATUS,IPSTATUS,0
KVAR_A_Status,GRE05B,INPUTSTATUS,IPSTATUS,0
KW_COMP_Status,ROC06,INPUTSTATUS,IPSTATUS,0
KW_A_Status,ROC06,INPUTSTATUS,IPSTATUS,0
KW_B_Status,ROC06,INPUTSTATUS,IPSTATUS,0
KW_C_Status,ROC06,INPUTSTATUS,IPSTATUS,0
KVAR_Status,ROC06,INPUTSTATUS,IPSTATUS,0
KVAR_A_Status,ROC06,INPUTSTATUS,IPSTATUS,0
KVAR_B_Status,ROC06,INPUTSTATUS,IPSTATUS,0
KVAR_C_Status,ROC06,INPUTSTATUS,IPSTATUS,0
V_Status,ROC06,INPUTSTATUS,IPSTATUS,0
V_A_Status,ROC06,INPUTSTATUS,IPSTATUS,0
V_B_Status,ROC06,INPUTSTATUS,IPSTATUS,0
V_C_Status,ROC06,INPUTSTATUS,IPSTATUS,0
A_Status,ROC06,INPUTSTATUS,IPSTATUS,0
A_A_Status,ROC06,INPUTSTATUS,IPSTATUS,0
A_B_Status,ROC06,INPUTSTATUS,IPSTATUS,0
A_C_Status,ROC06,INPUTSTATUS,IPSTATUS,0
PF_Status,ROC06,INPUTSTATUS,IPSTATUS,0
PF_A_Status,ROC06,INPUTSTATUS,IPSTATUS,0
PF_B_Status,ROC06,INPUTSTATUS,IPSTATUS,0
PF_C_Status,ROC06,INPUTSTATUS,IPSTATUS,0
KW_Status,ROC06,INPUTSTATUS,IPSTATUS,0
KVAR_B_Status,GRE05B,INPUTSTATUS,IPSTATUS,0
KVAR_C_Status,GRE05B,INPUTSTATUS,IPSTATUS,0
V_Status,GRE05B,INPUTSTATUS,IPSTATUS,0
V_A_Status,GRE05B,INPUTSTATUS,IPSTATUS,0
V_B_Status,GRE05B,INPUTSTATUS,IPSTATUS,0
V_C_Status,GRE05B,INPUTSTATUS,IPSTATUS,0
A_Status,GRE05B,INPUTSTATUS,IPSTATUS,0
KW_COMP_Status,UNI01,INPUTSTATUS,IPSTATUS,0
KW_A_Status,UNI01,INPUTSTATUS,IPSTATUS,0
KW_B_Status,UNI01,INPUTSTATUS,IPSTATUS,0
KW_C_Status,UNI01,INPUTSTATUS,IPSTATUS,0
KVAR_Status,UNI01,INPUTSTATUS,IPSTATUS,0
KVAR_A_Status,UNI01,INPUTSTATUS,IPSTATUS,0
KVAR_B_Status,UNI01,INPUTSTATUS,IPSTATUS,0
KVAR_C_Status,UNI01,INPUTSTATUS,IPSTATUS,0
V_Status,UNI01,INPUTSTATUS,IPSTATUS,0
V_A_Status,UNI01,INPUTSTATUS,IPSTATUS,0
V_B_Status,UNI01,INPUTSTATUS,IPSTATUS,0
V_C_Status,UNI01,INPUTSTATUS,IPSTATUS,0
A_Status,UNI01,INPUTSTATUS,IPSTATUS,0
A_A_Status,UNI01,INPUTSTATUS,IPSTATUS,0
A_B_Status,UNI01,INPUTSTATUS,IPSTATUS,0
A_C_Status,UNI01,INPUTSTATUS,IPSTATUS,0
PF_Status,UNI01,INPUTSTATUS,IPSTATUS,0
PF_A_Status,UNI01,INPUTSTATUS,IPSTATUS,0
PF_B_Status,UNI01,INPUTSTATUS,IPSTATUS,0
PF_C_Status,UNI01,INPUTSTATUS,IPSTATUS,0
KW_Status,UNI01,INPUTSTATUS,IPSTATUS,0
A_A_Status,GRE05B,INPUTSTATUS,IPSTATUS,0
A_B_Status,GRE05B,INPUTSTATUS,IPSTATUS,0
A_C_Status,GRE05B,INPUTSTATUS,IPSTATUS,0
PF_Status,GRE05B,INPUTSTATUS,IPSTATUS,0
PF_A_Status,GRE05B,INPUTSTATUS,IPSTATUS,0
PF_B_Status,GRE05B,INPUTSTATUS,IPSTATUS,0
PF_C_Status,GRE05B,INPUTSTATUS,IPSTATUS,0
KW_COMP_Status,UNI04,INPUTSTATUS,IPSTATUS,0
KW_A_Status,UNI04,INPUTSTATUS,IPSTATUS,0
KW_B_Status,UNI04,INPUTSTATUS,IPSTATUS,0
KW_C_Status,UNI04,INPUTSTATUS,IPSTATUS,0
KVAR_Status,UNI04,INPUTSTATUS,IPSTATUS,0
KVAR_A_Status,UNI04,INPUTSTATUS,IPSTATUS,0
KVAR_B_Status,UNI04,INPUTSTATUS,IPSTATUS,0
KVAR_C_Status,UNI04,INPUTSTATUS,IPSTATUS,0
V_Status,UNI04,INPUTSTATUS,IPSTATUS,0
V_A_Status,UNI04,INPUTSTATUS,IPSTATUS,0
V_B_Status,UNI04,INPUTSTATUS,IPSTATUS,0
V_C_Status,UNI04,INPUTSTATUS,IPSTATUS,0
A_Status,UNI04,INPUTSTATUS,IPSTATUS,0
A_A_Status,UNI04,INPUTSTATUS,IPSTATUS,0
A_B_Status,UNI04,INPUTSTATUS,IPSTATUS,0
A_C_Status,UNI04,INPUTSTATUS,IPSTATUS,0
PF_Status,UNI04,INPUTSTATUS,IPSTATUS,0
PF_A_Status,UNI04,INPUTSTATUS,IPSTATUS,0
PF_B_Status,UNI04,INPUTSTATUS,IPSTATUS,0
PF_C_Status,UNI04,INPUTSTATUS,IPSTATUS,0
KW_Status,UNI04,INPUTSTATUS,IPSTATUS,0
KW_Status,GRE05B,INPUTSTATUS,IPSTATUS,0
AC_LOSS_Status,GRE05B,OKFAILED,IPSTATUS,1
Annunciation_Test,SYS$,DOWNNORMAL,IEDDATA,1
GRE07A_CHK_RTU,SYS$,DOWNNORMAL,RTU,1
GRE07A_PRI_RTU,SYS$,DOWNNORMAL,RTU,1
GRE07B_CHK_RTU,SYS$,DOWNNORMAL,RTU,1
GRE07B_PRI_RTU,SYS$,DOWNNORMAL,RTU,1
KW_COMP_Status,UNI06,INPUTSTATUS,IPSTATUS,0
KW_A_Status,UNI06,INPUTSTATUS,IPSTATUS,0
KW_B_Status,UNI06,INPUTSTATUS,IPSTATUS,0
KW_C_Status,UNI06,INPUTSTATUS,IPSTATUS,0
KVAR_Status,UNI06,INPUTSTATUS,IPSTATUS,0
KVAR_A_Status,UNI06,INPUTSTATUS,IPSTATUS,0
KVAR_B_Status,UNI06,INPUTSTATUS,IPSTATUS,0
KVAR_C_Status,UNI06,INPUTSTATUS,IPSTATUS,0
V_Status,UNI06,INPUTSTATUS,IPSTATUS,0
V_A_Status,UNI06,INPUTSTATUS,IPSTATUS,0
V_B_Status,UNI06,INPUTSTATUS,IPSTATUS,0
V_C_Status,UNI06,INPUTSTATUS,IPSTATUS,0
A_Status,UNI06,INPUTSTATUS,IPSTATUS,0
A_A_Status,UNI06,INPUTSTATUS,IPSTATUS,0
A_B_Status,UNI06,INPUTSTATUS,IPSTATUS,0
A_C_Status,UNI06,INPUTSTATUS,IPSTATUS,0
PF_Status,UNI06,INPUTSTATUS,IPSTATUS,0
PF_A_Status,UNI06,INPUTSTATUS,IPSTATUS,0
PF_B_Status,UNI06,INPUTSTATUS,IPSTATUS,0
PF_C_Status,UNI06,INPUTSTATUS,IPSTATUS,0
KW_Status,UNI06,INPUTSTATUS,IPSTATUS,0
NEW05A_CHK_RTU,SYS$,DOWNNORMAL,RTU,1
NEW05A_PRI_RTU,SYS$,DOWNNORMAL,RTU,1
NEW05B_CHK_RTU,SYS$,DOWNNORMAL,RTU,1
NEW05B_PRI_RTU,SYS$,DOWNNORMAL,RTU,1
ROC08_CHK_RTU,SYS$,DOWNNORMAL,RTU,1
ROC08_PRI_RTU,SYS$,DOWNNORMAL,RTU,1
KVAR_COMP_Status,BOB,INPUTSTATUS,IPSTATUS,0
KW_COMP_Status,WES01,INPUTSTATUS,IPSTATUS,0
KW_A_Status,WES01,INPUTSTATUS,IPSTATUS,0
KW_B_Status,WES01,INPUTSTATUS,IPSTATUS,0
KW_C_Status,WES01,INPUTSTATUS,IPSTATUS,0
KVAR_Status,WES01,INPUTSTATUS,IPSTATUS,0
KVAR_A_Status,WES01,INPUTSTATUS,IPSTATUS,0
KVAR_B_Status,WES01,INPUTSTATUS,IPSTATUS,0
KVAR_C_Status,WES01,INPUTSTATUS,IPSTATUS,0
V_Status,WES01,INPUTSTATUS,IPSTATUS,0
V_A_Status,WES01,INPUTSTATUS,IPSTATUS,0
V_B_Status,WES01,INPUTSTATUS,IPSTATUS,0
V_C_Status,WES01,INPUTSTATUS,IPSTATUS,0
A_Status,WES01,INPUTSTATUS,IPSTATUS,0
A_A_Status,WES01,INPUTSTATUS,IPSTATUS,0
A_B_Status,WES01,INPUTSTATUS,IPSTATUS,0
A_C_Status,WES01,INPUTSTATUS,IPSTATUS,0
PF_Status,WES01,INPUTSTATUS,IPSTATUS,0
PF_A_Status,WES01,INPUTSTATUS,IPSTATUS,0
PF_B_Status,WES01,INPUTSTATUS,IPSTATUS,0
PF_C_Status,WES01,INPUTSTATUS,IPSTATUS,0
KW_Status,WES01,INPUTSTATUS,IPSTATUS,0
FREQUENCY_Status,BOB,INPUTSTATUS,IPSTATUS,0
A_N_Status,BOB,INPUTSTATUS,IPSTATUS,0
KW_COMP_Status,BOB,INPUTSTATUS,IPSTATUS,0
KW_A_Status,BOB,INPUTSTATUS,IPSTATUS,0
KW_B_Status,BOB,INPUTSTATUS,IPSTATUS,0
KW_C_Status,BOB,INPUTSTATUS,IPSTATUS,0
KVAR_Status,BOB,INPUTSTATUS,IPSTATUS,0
AC_LOSS_Status,GRE04A,OKFAILED,IPSTATUS,1
AC_LOSS_Status,GRE04B,OKFAILED,IPSTATUS,1
FREQUENCY_Status,NEW02,INPUTSTATUS,IPSTATUS,0
ROCKHILL_SRV,SYS$,DOWNNORMAL,COMMLINE,1
DUKE_PRI_SRV,SYS$,DOWNNORMAL,COMMLINE,1
UseMe,BOB,INPUTSTATUS,IPSTATUS,0
GAFFNEY_SRV,SYS$,DOWNNORMAL,COMMLINE,1
UNION_SRV,SYS$,DOWNNORMAL,COMMLINE,1
AC_LOSS_Status,NEW03,OKFAILED,ALTIP,1
AC_LOSS_Status,WES01,OKFAILED,IPSTATUS,1
FREQUENCY_Status,NEW03,INPUTSTATUS,IPSTATUS,0
AC_LOSS_Status,NEW04,OKFAILED,ALTIP,1
KVAR_COMP_Status,NEW03,INPUTSTATUS,IPSTATUS,0
KVAR_COMP_Status,NEW04,INPUTSTATUS,IPSTATUS,0
KW_Status,NEW03,INPUTSTATUS,IPSTATUS,0
KW_COMP_Status,NEW04,INPUTSTATUS,IPSTATUS,0
FREQUENCY_Status,NEW04,INPUTSTATUS,IPSTATUS,0
KVAR_A_Status,NEW03,INPUTSTATUS,IPSTATUS,0
KVAR_A_Status,NEW04,INPUTSTATUS,IPSTATUS,0
AC_LOSS_Status,ROC10,OKFAILED,IPSTATUS,1
AC_LOSS_Status,ROC11,OKFAILED,IPSTATUS,1
PMPAGEN-2_CL,SYS$,DOWNNORMAL,COMMLINE,1
AC_LOSS_Status,ROC05,OKFAILED,IPSTATUS,1
AC_LOSS_Status,ROC06,OKFAILED,IPSTATUS,1
AC_LOSS_Status,UNI01,OKFAILED,IPSTATUS,1
DC_LOSS_Status,UNI04,OKFAILED,IPSTATUS,0
DC_LOSS_Status,UNI06,OKFAILED,IPSTATUS,0
AC_LOSS_Status,LAU03,OKFAILED,ALTIP,1
DC_LOSS_Status,LAU04A,OKFAILED,ALTIP,1
AC_LOSS_Status,LAU04B,OKFAILED,ALTIP,1
DC_LOSS_Status,EAS04A,OKFAILED,IPSTATUS,1
DC_LOSS_Status,EAS04B,OKFAILED,IPSTATUS,1
AC_LOSS_Status,EAS05,OKFAILED,IPSTATUS,1
AC_LOSS_Status,EAS06,OKFAILED,IPSTATUS,1
KVAR_COMP_Status,ABB01,INPUTSTATUS,IPSTATUS,0
KW_Status,ABB01,INPUTSTATUS,IPSTATUS,0
FREQUENCY_Status,ABB01,INPUTSTATUS,IPSTATUS,0
A_N_Status,ABB01,INPUTSTATUS,IPSTATUS,0
AC_LOSS_Status,GAF01A,OKFAILED,IPSTATUS,0
ACLOSS_Status,GAF01B,OKFAILED,IPSTATUS,0
ACLOSS_Status,GAF02,OKFAILED,IPSTATUS,1
DC_LOSS_Status,CLI01,OKFAILED,IPSTATUS,1
ACLOSS_Status,CLI02,OKFAILED,IPSTATUS,1
KVAR_COMP_Status,CLI01,INPUTSTATUS,IPSTATUS,0
KW_Status,CLI01,INPUTSTATUS,IPSTATUS,0
FREQUENCY_Status,CLI01,INPUTSTATUS,IPSTATUS,0
A_N_Status,CLI01,INPUTSTATUS,IPSTATUS,0
KW_Status,CLI02,INPUTSTATUS,IPSTATUS,0
KVAR_COMP_Status,CLI02,INPUTSTATUS,IPSTATUS,0
A_N_Status,CLI02,INPUTSTATUS,IPSTATUS,0
FREQUENCY_Status,CLI02,INPUTSTATUS,IPSTATUS,0
KVAR_A_Status,BOB,INPUTSTATUS,IPSTATUS,0
KVAR_B_Status,BOB,INPUTSTATUS,IPSTATUS,0
KVAR_C_Status,BOB,INPUTSTATUS,IPSTATUS,0
V_Status,BOB,INPUTSTATUS,IPSTATUS,0
V_A_Status,BOB,INPUTSTATUS,IPSTATUS,0
V_B_Status,BOB,INPUTSTATUS,IPSTATUS,0
V_C_Status,BOB,INPUTSTATUS,IPSTATUS,0
A_Status,BOB,INPUTSTATUS,IPSTATUS,0
A_A_Status,BOB,INPUTSTATUS,IPSTATUS,0
A_B_Status,BOB,INPUTSTATUS,IPSTATUS,0
A_C_Status,BOB,INPUTSTATUS,IPSTATUS,0
PF_Status,BOB,INPUTSTATUS,IPSTATUS,0
PF_A_Status,BOB,INPUTSTATUS,IPSTATUS,0
PF_B_Status,BOB,INPUTSTATUS,IPSTATUS,0
PF_C_Status,BOB,INPUTSTATUS,IPSTATUS,0
KW_Status,BOB,INPUTSTATUS,IPSTATUS,0
KVAR_COMP_Status,ROC08,INPUTSTATUS,IPSTATUS,0
FREQUENCY_Status,ROC08,INPUTSTATUS,IPSTATUS,0
A_N_Status,ROC08,INPUTSTATUS,IPSTATUS,0
KW_COMP_Status,ROC08,INPUTSTATUS,IPSTATUS,0
KW_A_Status,ROC08,INPUTSTATUS,IPSTATUS,0
KW_B_Status,ROC08,INPUTSTATUS,IPSTATUS,0
KW_C_Status,ROC08,INPUTSTATUS,IPSTATUS,0
KVAR_Status,ROC08,INPUTSTATUS,IPSTATUS,0
KVAR_A_Status,ROC08,INPUTSTATUS,IPSTATUS,0
KVAR_B_Status,ROC08,INPUTSTATUS,IPSTATUS,0
KVAR_C_Status,ROC08,INPUTSTATUS,IPSTATUS,0
V_Status,ROC08,INPUTSTATUS,IPSTATUS,0
V_A_Status,ROC08,INPUTSTATUS,IPSTATUS,0
V_B_Status,ROC08,INPUTSTATUS,IPSTATUS,0
V_C_Status,ROC08,INPUTSTATUS,IPSTATUS,0
A_Status,ROC08,INPUTSTATUS,IPSTATUS,0
A_A_Status,ROC08,INPUTSTATUS,IPSTATUS,0
A_B_Status,ROC08,INPUTSTATUS,IPSTATUS,0
A_C_Status,ROC08,INPUTSTATUS,IPSTATUS,0
PF_Status,ROC08,INPUTSTATUS,IPSTATUS,0
PF_A_Status,ROC08,INPUTSTATUS,IPSTATUS,0
PF_B_Status,ROC08,INPUTSTATUS,IPSTATUS,0
PF_C_Status,ROC08,INPUTSTATUS,IPSTATUS,0
KW_Status,ROC08,INPUTSTATUS,IPSTATUS,0
AC_LOSS_Status,ROC08,OKFAILED,IPSTATUS,1
KVAR_COMP_Status,GRE07A,INPUTSTATUS,IPSTATUS,0
FREQUENCY_Status,GRE07A,INPUTSTATUS,IPSTATUS,0
A_N_Status,GRE07A,INPUTSTATUS,IPSTATUS,0
KW_COMP_Status,GRE07A,INPUTSTATUS,IPSTATUS,0
KW_A_Status,GRE07A,INPUTSTATUS,IPSTATUS,0
KW_B_Status,GRE07A,INPUTSTATUS,IPSTATUS,0
KW_C_Status,GRE07A,INPUTSTATUS,IPSTATUS,0
KVAR_Status,GRE07A,INPUTSTATUS,IPSTATUS,0
KVAR_A_Status,GRE07A,INPUTSTATUS,IPSTATUS,0
KVAR_B_Status,GRE07A,INPUTSTATUS,IPSTATUS,0
KVAR_C_Status,GRE07A,INPUTSTATUS,IPSTATUS,0
V_Status,GRE07A,INPUTSTATUS,IPSTATUS,0
V_A_Status,GRE07A,INPUTSTATUS,IPSTATUS,0
V_B_Status,GRE07A,INPUTSTATUS,IPSTATUS,0
V_C_Status,GRE07A,INPUTSTATUS,IPSTATUS,0
A_Status,GRE07A,INPUTSTATUS,IPSTATUS,0
A_A_Status,GRE07A,INPUTSTATUS,IPSTATUS,0
A_B_Status,GRE07A,INPUTSTATUS,IPSTATUS,0
A_C_Status,GRE07A,INPUTSTATUS,IPSTATUS,0
PF_Status,GRE07A,INPUTSTATUS,IPSTATUS,0
PF_A_Status,GRE07A,INPUTSTATUS,IPSTATUS,0
PF_B_Status,GRE07A,INPUTSTATUS,IPSTATUS,0
PF_C_Status,GRE07A,INPUTSTATUS,IPSTATUS,0
KW_Status,GRE07A,INPUTSTATUS,IPSTATUS,0
AC_LOSS_Status,GRE07A,OKFAILED,IPSTATUS,1
KVAR_COMP_Status,GRE07B,INPUTSTATUS,IPSTATUS,0
FREQUENCY_Status,GRE07B,INPUTSTATUS,IPSTATUS,0
A_N_Status,GRE07B,INPUTSTATUS,IPSTATUS,0
KW_COMP_Status,GRE07B,INPUTSTATUS,IPSTATUS,0
KW_A_Status,GRE07B,INPUTSTATUS,IPSTATUS,0
KW_B_Status,GRE07B,INPUTSTATUS,IPSTATUS,0
KW_C_Status,GRE07B,INPUTSTATUS,IPSTATUS,0
KVAR_Status,GRE07B,INPUTSTATUS,IPSTATUS,0
KVAR_A_Status,GRE07B,INPUTSTATUS,IPSTATUS,0
KVAR_B_Status,GRE07B,INPUTSTATUS,IPSTATUS,0
KVAR_C_Status,GRE07B,INPUTSTATUS,IPSTATUS,0
V_Status,GRE07B,INPUTSTATUS,IPSTATUS,0
V_A_Status,GRE07B,INPUTSTATUS,IPSTATUS,0
V_B_Status,GRE07B,INPUTSTATUS,IPSTATUS,0
V_C_Status,GRE07B,INPUTSTATUS,IPSTATUS,0
A_Status,GRE07B,INPUTSTATUS,IPSTATUS,0
A_A_Status,GRE07B,INPUTSTATUS,IPSTATUS,0
A_B_Status,GRE07B,INPUTSTATUS,IPSTATUS,0
A_C_Status,GRE07B,INPUTSTATUS,IPSTATUS,0
PF_Status,GRE07B,INPUTSTATUS,IPSTATUS,0
PF_A_Status,GRE07B,INPUTSTATUS,IPSTATUS,0
PF_B_Status,GRE07B,INPUTSTATUS,IPSTATUS,0
PF_C_Status,GRE07B,INPUTSTATUS,IPSTATUS,0
KW_Status,GRE07B,INPUTSTATUS,IPSTATUS,0
AC_LOSS_Status,GRE07B,OKFAILED,IPSTATUS,1
KVAR_COMP_Status,NEW05A,INPUTSTATUS,IPSTATUS,0
FREQUENCY_Status,NEW05A,INPUTSTATUS,IPSTATUS,0
A_N_Status,NEW05A,INPUTSTATUS,IPSTATUS,0
KW_COMP_Status,NEW05A,INPUTSTATUS,IPSTATUS,0
KW_A_Status,NEW05A,INPUTSTATUS,IPSTATUS,0
KW_B_Status,NEW05A,INPUTSTATUS,IPSTATUS,0
KW_C_Status,NEW05A,INPUTSTATUS,IPSTATUS,0
KVAR_Status,NEW05A,INPUTSTATUS,IPSTATUS,0
KVAR_A_Status,NEW05A,INPUTSTATUS,IPSTATUS,0
KVAR_B_Status,NEW05A,INPUTSTATUS,IPSTATUS,0
KVAR_C_Status,NEW05A,INPUTSTATUS,IPSTATUS,0
V_Status,NEW05A,INPUTSTATUS,IPSTATUS,0
V_A_Status,NEW05A,INPUTSTATUS,IPSTATUS,0
V_B_Status,NEW05A,INPUTSTATUS,IPSTATUS,0
V_C_Status,NEW05A,INPUTSTATUS,IPSTATUS,0
A_Status,NEW05A,INPUTSTATUS,IPSTATUS,0
A_A_Status,NEW05A,INPUTSTATUS,IPSTATUS,0
A_B_Status,NEW05A,INPUTSTATUS,IPSTATUS,0
A_C_Status,NEW05A,INPUTSTATUS,IPSTATUS,0
PF_Status,NEW05A,INPUTSTATUS,IPSTATUS,0
PF_A_Status,NEW05A,INPUTSTATUS,IPSTATUS,0
PF_B_Status,NEW05A,INPUTSTATUS,IPSTATUS,0
PF_C_Status,NEW05A,INPUTSTATUS,IPSTATUS,0
KW_Status,NEW05A,INPUTSTATUS,IPSTATUS,0
AC_LOSS_Status,NEW05A,OKFAILED,IPSTATUS,1
KVAR_COMP_Status,NEW05B,INPUTSTATUS,IPSTATUS,0
FREQUENCY_Status,NEW05B,INPUTSTATUS,IPSTATUS,0
A_N_Status,NEW05B,INPUTSTATUS,IPSTATUS,0
KW_COMP_Status,NEW05B,INPUTSTATUS,IPSTATUS,0
KW_A_Status,NEW05B,INPUTSTATUS,IPSTATUS,0
KW_B_Status,NEW05B,INPUTSTATUS,IPSTATUS,0
KW_C_Status,NEW05B,INPUTSTATUS,IPSTATUS,0
KVAR_Status,NEW05B,INPUTSTATUS,IPSTATUS,0
KVAR_A_Status,NEW05B,INPUTSTATUS,IPSTATUS,0
KVAR_B_Status,NEW05B,INPUTSTATUS,IPSTATUS,0
KVAR_C_Status,NEW05B,INPUTSTATUS,IPSTATUS,0
V_Status,NEW05B,INPUTSTATUS,IPSTATUS,0
V_A_Status,NEW05B,INPUTSTATUS,IPSTATUS,0
V_B_Status,NEW05B,INPUTSTATUS,IPSTATUS,0
V_C_Status,NEW05B,INPUTSTATUS,IPSTATUS,0
A_Status,NEW05B,INPUTSTATUS,IPSTATUS,0
A_A_Status,NEW05B,INPUTSTATUS,IPSTATUS,0
A_B_Status,NEW05B,INPUTSTATUS,IPSTATUS,0
A_C_Status,NEW05B,INPUTSTATUS,IPSTATUS,0
PF_Status,NEW05B,INPUTSTATUS,IPSTATUS,0
PF_A_Status,NEW05B,INPUTSTATUS,IPSTATUS,0
PF_B_Status,NEW05B,INPUTSTATUS,IPSTATUS,0
PF_C_Status,NEW05B,INPUTSTATUS,IPSTATUS,0
KW_Status,NEW05B,INPUTSTATUS,IPSTATUS,0
AC_LOSS_Status,NEW05B,OKFAILED,IPSTATUS,1
PMPA_WITH_DG_STATUS,SANTEE,INPUTSTATUS,IPSTATUS,0
PMPA_DG_STATUS,SANTEE,INPUTSTATUS,IPSTATUS,0
PMPA_WITHOUT_DG_STATUS,SANTEE,INPUTSTATUS,IPSTATUS,0
DS1_Signal_Status,SANTEE,DS_STATE,IPSTATUS,0
DS2_Signal_Status,SANTEE,DS_STATE,IPSTATUS,0
DS3_Signal_Status,SANTEE,DS_STATE,IPSTATUS,0
SPC_Load_Faillure,SANTEE,DS_STATE,IPSTATUS,0
SANTEE_ICCP_SRV,SYS$,DOWNNORMAL,COMMLINE,1
DUKE_ICCP_SRV_REV,SYS$,DOWNNORMAL,COMMLINE,1
SANTEE_ICCP_SRV_REV,SYS$,DOWNNORMAL,COMMLINE,1
ROC09_CHK_RTU,SYS$,DOWNNORMAL,RTU,1
ROC09_PRI_RTU,SYS$,DOWNNORMAL,RTU,1
KVAR_COMP_Status,ROC09,INPUTSTATUS,IPSTATUS,0
FREQUENCY_Status,ROC09,INPUTSTATUS,IPSTATUS,0
A_N_Status,ROC09,INPUTSTATUS,IPSTATUS,0
KW_COMP_Status,ROC09,INPUTSTATUS,IPSTATUS,0
KW_A_Status,ROC09,INPUTSTATUS,IPSTATUS,0
KW_B_Status,ROC09,INPUTSTATUS,IPSTATUS,0
KW_C_Status,ROC09,INPUTSTATUS,IPSTATUS,0
KVAR_Status,ROC09,INPUTSTATUS,IPSTATUS,0
KVAR_A_Status,ROC09,INPUTSTATUS,IPSTATUS,0
KVAR_B_Status,ROC09,INPUTSTATUS,IPSTATUS,0
KVAR_C_Status,ROC09,INPUTSTATUS,IPSTATUS,0
V_Status,ROC09,INPUTSTATUS,IPSTATUS,0
V_A_Status,ROC09,INPUTSTATUS,IPSTATUS,0
V_B_Status,ROC09,INPUTSTATUS,IPSTATUS,0
V_C_Status,ROC09,INPUTSTATUS,IPSTATUS,0
A_Status,ROC09,INPUTSTATUS,IPSTATUS,0
A_A_Status,ROC09,INPUTSTATUS,IPSTATUS,0
A_B_Status,ROC09,INPUTSTATUS,IPSTATUS,0
A_C_Status,ROC09,INPUTSTATUS,IPSTATUS,0
PF_Status,ROC09,INPUTSTATUS,IPSTATUS,0
PF_A_Status,ROC09,INPUTSTATUS,IPSTATUS,0
PF_B_Status,ROC09,INPUTSTATUS,IPSTATUS,0
PF_C_Status,ROC09,INPUTSTATUS,IPSTATUS,0
KW_Status,ROC09,INPUTSTATUS,IPSTATUS,0
AC_LOSS_Status,ROC09,OKFAILED,IPSTATUS,1
FREQUENCY_Status,EAS06,INPUTSTATUS,IPSTATUS,0
KVAR_COMP_Status,EAS06,INPUTSTATUS,IPSTATUS,0
ROCKHILL_SRV2,SYS$,DOWNNORMAL,COMMLINE,1
ROC12_CHK_RTU,SYS$,DOWNNORMAL,RTU,1
ROC12_PRI_RTU,SYS$,DOWNNORMAL,RTU,1
A_A_Status,ROC12,INPUTSTATUS,IPSTATUS,0
A_B_Status,ROC12,INPUTSTATUS,IPSTATUS,0
A_C_Status,ROC12,INPUTSTATUS,IPSTATUS,0
A_N_Status,ROC12,INPUTSTATUS,IPSTATUS,0
A_Status,ROC12,INPUTSTATUS,IPSTATUS,0
AC_LOSS_Status,ROC12,OKFAILED,IPSTATUS,1
FREQUENCY_Status,ROC12,INPUTSTATUS,IPSTATUS,0
KVAR_A_Status,ROC12,INPUTSTATUS,IPSTATUS,0
KVAR_B_Status,ROC12,INPUTSTATUS,IPSTATUS,0
KVAR_C_Status,ROC12,INPUTSTATUS,IPSTATUS,0
KVAR_COMP_Status,ROC12,INPUTSTATUS,IPSTATUS,0
KVAR_Status,ROC12,INPUTSTATUS,IPSTATUS,0
KW_A_Status,ROC12,INPUTSTATUS,IPSTATUS,0
KW_B_Status,ROC12,INPUTSTATUS,IPSTATUS,0
KW_C_Status,ROC12,INPUTSTATUS,IPSTATUS,0
KW_COMP_Status,ROC12,INPUTSTATUS,IPSTATUS,0
KW_Status,ROC12,INPUTSTATUS,IPSTATUS,0
PF_A_Status,ROC12,INPUTSTATUS,IPSTATUS,0
PF_B_Status,ROC12,INPUTSTATUS,IPSTATUS,0
PF_C_Status,ROC12,INPUTSTATUS,IPSTATUS,0
PF_Status,ROC12,INPUTSTATUS,IPSTATUS,0
V_A_Status,ROC12,INPUTSTATUS,IPSTATUS,0
V_B_Status,ROC12,INPUTSTATUS,IPSTATUS,0
V_C_Status,ROC12,INPUTSTATUS,IPSTATUS,0
V_Status,ROC12,INPUTSTATUS,IPSTATUS,0
AUX_LED2,KOHLER_GEN,RUNNINGSTOPPED,PRIIP,0
ATS_POSITION,KOHLER_GEN,GRIDGEN,RTU,0
ATS_STATUS,KOHLER_GEN,GRIDGEN,PRIIP,0
ATS_MODE_ALARM,KOHLER_GEN,NORMALALARM,RTU,0
CONTROL_TEST1,KOHLER_GEN,STOPSTART,RTU,0
CONTROL_TEST2,KOHLER_GEN,STOPSTART,PRIIP,0
NEW06A_CHK_RTU,SYS$,DOWNNORMAL,RTU,1
NEW06A_PRI_RTU,SYS$,DOWNNORMAL,RTU,1
NEW06B_CHK_RTU,SYS$,DOWNNORMAL,RTU,1
NEW06B_PRI_RTU,SYS$,DOWNNORMAL,RTU,1
DC_LOSS_Status,NEW06A,OKFAILED,IPSTATUS,0
KVAR_COMP_Status,NEW06B,INPUTSTATUS,IPSTATUS,0
FREQUENCY_Status,NEW06B,INPUTSTATUS,IPSTATUS,0
A_N_Status,NEW06B,INPUTSTATUS,IPSTATUS,0
KW_COMP_Status,NEW06B,INPUTSTATUS,IPSTATUS,0
KW_A_Status,NEW06B,INPUTSTATUS,IPSTATUS,0
KW_B_Status,NEW06B,INPUTSTATUS,IPSTATUS,0
KW_C_Status,NEW06B,INPUTSTATUS,IPSTATUS,0
KVAR_Status,NEW06B,INPUTSTATUS,IPSTATUS,0
KVAR_A_Status,NEW06B,INPUTSTATUS,IPSTATUS,0
KVAR_B_Status,NEW06B,INPUTSTATUS,IPSTATUS,0
KVAR_C_Status,NEW06B,INPUTSTATUS,IPSTATUS,0
V_Status,NEW06B,INPUTSTATUS,IPSTATUS,0
V_A_Status,NEW06B,INPUTSTATUS,IPSTATUS,0
V_B_Status,NEW06B,INPUTSTATUS,IPSTATUS,0
V_C_Status,NEW06B,INPUTSTATUS,IPSTATUS,0
A_Status,NEW06B,INPUTSTATUS,IPSTATUS,0
A_A_Status,NEW06B,INPUTSTATUS,IPSTATUS,0
A_B_Status,NEW06B,INPUTSTATUS,IPSTATUS,0
A_C_Status,NEW06B,INPUTSTATUS,IPSTATUS,0
PF_Status,NEW06B,INPUTSTATUS,IPSTATUS,0
PF_A_Status,NEW06B,INPUTSTATUS,IPSTATUS,0
PF_B_Status,NEW06B,INPUTSTATUS,IPSTATUS,0
PF_C_Status,NEW06B,INPUTSTATUS,IPSTATUS,0
KW_Status,NEW06B,INPUTSTATUS,IPSTATUS,0
AC_LOSS_Status,NEW06B,OKFAILED,IPSTATUS,1
KVAR_COMP_Status,NEW06A,INPUTSTATUS,IPSTATUS,0
FREQUENCY_Status,NEW06A,INPUTSTATUS,IPSTATUS,0
A_N_Status,NEW06A,INPUTSTATUS,IPSTATUS,0
KW_COMP_Status,NEW06A,INPUTSTATUS,IPSTATUS,0
KW_A_Status,NEW06A,INPUTSTATUS,IPSTATUS,0
KW_B_Status,NEW06A,INPUTSTATUS,IPSTATUS,0
KW_C_Status,NEW06A,INPUTSTATUS,IPSTATUS,0
KVAR_Status,NEW06A,INPUTSTATUS,IPSTATUS,0
KVAR_A_Status,NEW06A,INPUTSTATUS,IPSTATUS,0
KVAR_B_Status,NEW06A,INPUTSTATUS,IPSTATUS,0
KVAR_C_Status,NEW06A,INPUTSTATUS,IPSTATUS,0
V_Status,NEW06A,INPUTSTATUS,IPSTATUS,0
V_A_Status,NEW06A,INPUTSTATUS,IPSTATUS,0
V_B_Status,NEW06A,INPUTSTATUS,IPSTATUS,0
V_C_Status,NEW06A,INPUTSTATUS,IPSTATUS,0
A_Status,NEW06A,INPUTSTATUS,IPSTATUS,0
A_A_Status,NEW06A,INPUTSTATUS,IPSTATUS,0
A_B_Status,NEW06A,INPUTSTATUS,IPSTATUS,0
A_C_Status,NEW06A,INPUTSTATUS,IPSTATUS,0
PF_Status,NEW06A,INPUTSTATUS,IPSTATUS,0
PF_A_Status,NEW06A,INPUTSTATUS,IPSTATUS,0
PF_B_Status,NEW06A,INPUTSTATUS,IPSTATUS,0
PF_C_Status,NEW06A,INPUTSTATUS,IPSTATUS,0
KW_Status,NEW06A,INPUTSTATUS,IPSTATUS,0
DUKE_ICCP_SRV_TEST,SYS$,DOWNNORMAL,COMMLINE,1
REPLICATOR,SYS$,DOWNNORMAL,COMMLINE,1
REPLICATOR_1,SYS$,DOWNNORMAL,COMMLINE,1
REPLICATOR_2,SYS$,DOWNNORMAL,COMMLINE,1
ROC07B_PRI_RTU,SYS$,DOWNNORMAL,RTU,1
ROC07B_CHK_RTU,SYS$,DOWNNORMAL,RTU,1
KW_COMP_Status,ROC07B,INPUTSTATUS,IPSTATUS,0
FREQUENCY_Status,ROC07B,INPUTSTATUS,IPSTATUS,0
A_N_Status,ROC07B,INPUTSTATUS,IPSTATUS,0
KVAR_COMP_Status,ROC07B,INPUTSTATUS,IPSTATUS,0
KW_Status,ROC07B,INPUTSTATUS,IPSTATUS,0
KW_A_Status,ROC07B,INPUTSTATUS,IPSTATUS,0
KW_B_Status,ROC07B,INPUTSTATUS,IPSTATUS,0
KW_C_Status,ROC07B,INPUTSTATUS,IPSTATUS,0
KVAR_Status,ROC07B,INPUTSTATUS,IPSTATUS,0
KVAR_A_Status,ROC07B,INPUTSTATUS,IPSTATUS,0
KVAR_B_Status,ROC07B,INPUTSTATUS,IPSTATUS,0
KVAR_C_Status,ROC07B,INPUTSTATUS,IPSTATUS,0
V_Status,ROC07B,INPUTSTATUS,IPSTATUS,0
V_A_Status,ROC07B,INPUTSTATUS,IPSTATUS,0
V_B_Status,ROC07B,INPUTSTATUS,IPSTATUS,0
V_C_Status,ROC07B,INPUTSTATUS,IPSTATUS,0
A_Status,ROC07B,INPUTSTATUS,IPSTATUS,0
A_A_Status,ROC07B,INPUTSTATUS,IPSTATUS,0
A_B_Status,ROC07B,INPUTSTATUS,IPSTATUS,0
A_C_Status,ROC07B,INPUTSTATUS,IPSTATUS,0
PF_Status,ROC07B,INPUTSTATUS,IPSTATUS,0
PF_A_Status,ROC07B,INPUTSTATUS,IPSTATUS,0
PF_B_Status,ROC07B,INPUTSTATUS,IPSTATUS,0
PF_C_Status,ROC07B,INPUTSTATUS,IPSTATUS,0
AC_LOSS_Status,ROC07B,OKFAILED,IPSTATUS,1
JEMSTAR2_TEST_RTU,SYS$,DOWNNORMAL,RTU,1
KVAR_COMP_Status,BOB4,INPUTSTATUS,IPSTATUS,0
FREQUENCY_Status,BOB4,INPUTSTATUS,IPSTATUS,0
A_N_Status,BOB4,INPUTSTATUS,IPSTATUS,0
KW_COMP_Status,BOB4,INPUTSTATUS,IPSTATUS,0
KW_A_Status,BOB4,INPUTSTATUS,IPSTATUS,0
KW_B_Status,BOB4,INPUTSTATUS,IPSTATUS,0
KW_C_Status,BOB4,INPUTSTATUS,IPSTATUS,0
KVAR_Status,BOB4,INPUTSTATUS,IPSTATUS,0
UseMe,BOB4,INPUTSTATUS,IPSTATUS,0
KVAR_A_Status,BOB4,INPUTSTATUS,IPSTATUS,0
KVAR_B_Status,BOB4,INPUTSTATUS,IPSTATUS,0
KVAR_C_Status,BOB4,INPUTSTATUS,IPSTATUS,0
V_Status,BOB4,INPUTSTATUS,IPSTATUS,0
V_A_Status,BOB4,INPUTSTATUS,IPSTATUS,0
V_B_Status,BOB4,INPUTSTATUS,IPSTATUS,0
V_C_Status,BOB4,INPUTSTATUS,IPSTATUS,0
A_Status,BOB4,INPUTSTATUS,IPSTATUS,0
A_A_Status,BOB4,INPUTSTATUS,IPSTATUS,0
A_B_Status,BOB4,INPUTSTATUS,IPSTATUS,0
A_C_Status,BOB4,INPUTSTATUS,IPSTATUS,0
PF_Status,BOB4,INPUTSTATUS,IPSTATUS,0
PF_A_Status,BOB4,INPUTSTATUS,IPSTATUS,0
PF_B_Status,BOB4,INPUTSTATUS,IPSTATUS,0
PF_C_Status,BOB4,INPUTSTATUS,IPSTATUS,0
KW_Status,BOB4,INPUTSTATUS,IPSTATUS,0
SCADA_Exchange_Test_Status,BOB4,DOWNNORMAL,ALTIP,0
JM2_TEST_CL,SYS$,DOWNNORMAL,COMMLINE,1
WTP1_52A,GBPW_DE,OPENCLOSE,RTU,0
KVAR_COMP_Status,JEMSTAR2_TEST,INPUTSTATUS,IPSTATUS,0
FREQUENCY_Status,JEMSTAR2_TEST,INPUTSTATUS,IPSTATUS,0
A_N_Status,JEMSTAR2_TEST,INPUTSTATUS,IPSTATUS,0
KW_COMP_Status,JEMSTAR2_TEST,INPUTSTATUS,IPSTATUS,0
KW_A_Status,JEMSTAR2_TEST,INPUTSTATUS,IPSTATUS,0
KW_B_Status,JEMSTAR2_TEST,INPUTSTATUS,IPSTATUS,0
KW_C_Status,JEMSTAR2_TEST,INPUTSTATUS,IPSTATUS,0
KVAR_Status,JEMSTAR2_TEST,INPUTSTATUS,IPSTATUS,0
KVAR_A_Status,JEMSTAR2_TEST,INPUTSTATUS,IPSTATUS,0
KVAR_B_Status,JEMSTAR2_TEST,INPUTSTATUS,IPSTATUS,0
KVAR_C_Status,JEMSTAR2_TEST,INPUTSTATUS,IPSTATUS,0
V_Status,JEMSTAR2_TEST,INPUTSTATUS,IPSTATUS,0
V_A_Status,JEMSTAR2_TEST,INPUTSTATUS,IPSTATUS,0
V_B_Status,JEMSTAR2_TEST,INPUTSTATUS,IPSTATUS,0
V_C_Status,JEMSTAR2_TEST,INPUTSTATUS,IPSTATUS,0
A_Status,JEMSTAR2_TEST,INPUTSTATUS,IPSTATUS,0
A_A_Status,JEMSTAR2_TEST,INPUTSTATUS,IPSTATUS,0
A_B_Status,JEMSTAR2_TEST,INPUTSTATUS,IPSTATUS,0
A_C_Status,JEMSTAR2_TEST,INPUTSTATUS,IPSTATUS,0
PF_Status,JEMSTAR2_TEST,INPUTSTATUS,IPSTATUS,0
PF_A_Status,JEMSTAR2_TEST,INPUTSTATUS,IPSTATUS,0
PF_B_Status,JEMSTAR2_TEST,INPUTSTATUS,IPSTATUS,0
PF_C_Status,JEMSTAR2_TEST,INPUTSTATUS,IPSTATUS,0
KW_Status,JEMSTAR2_TEST,INPUTSTATUS,IPSTATUS,0
PSU_Failure,GRE03A,OKFAILED,IPSTATUS,0
GAFFNEY_SRV_WEBSRV,SYS$,DOWNNORMAL,COMMLINE,1
GDS_LowWill_52A,GBPW_DE,OPENCLOSE,RTU,0
GDS_PeakShaveGen_52A,GBPW_DE,OPENCLOSE,RTU,0
GDS_UnionMont_52A,GBPW_DE,OPENCLOSE,RTU,0
GDS_UppWill_52A,GBPW_DE,OPENCLOSE,RTU,0
LowWill_CherFin_52A,GBPW_DE,OPENCLOSE,RTU,0
LowWill_Dogwood_52A,GBPW_DE,OPENCLOSE,RTU,0
LowWill_EastGaff_52A,GBPW_DE,OPENCLOSE,RTU,0
LowWill_ThirdSt_52A,GBPW_DE,OPENCLOSE,RTU,0
Suez_204_SubtransBkr_52A,GBPW_DE,OPENCLOSE,RTU,0
Suez_214_StationBkr_52A,GBPW_DE,OPENCLOSE,RTU,0
Suez_Buford_52A,GBPW_DE,OPENCLOSE,RTU,0
Suez_Hyatt_52A,GBPW_DE,OPENCLOSE,RTU,0
Suez_Rutledge_52A,GBPW_DE,OPENCLOSE,RTU,0
Suez_Willis_52A,GBPW_DE,OPENCLOSE,RTU,0
Timken_Sub_RTAC_52A,GBPW_DE,OPENCLOSE,RTU,0
Union_Oneal_52A,GBPW_DE,OPENCLOSE,RTU,0
Union_Wilk_52A,GBPW_DE,OPENCLOSE,RTU,0
UppWill_Hosp_52A,GBPW_DE,OPENCLOSE,RTU,0
UppWill_MeadowCrk_52A,GBPW_DE,OPENCLOSE,RTU,0
UppWill_Oak_52A,GBPW_DE,OPENCLOSE,RTU,0
UppWill_Robinson_52A,GBPW_DE,OPENCLOSE,RTU,0
GAFFNEY_SRV_COMMLINE,SYS$,DOWNNORMAL,COMMLINE,1
REPLICATOR_3,SYS$,OPENCLOSE,DIGITAL,0
REPLICATOR_4,SYS$,OPENCLOSE,DIGITAL,0
REPLICATOR_5,SYS$,OPENCLOSE,DIGITAL,0
REPLICATOR_6,SYS$,OPENCLOSE,DIGITAL,0
REPLICATOR_7,SYS$,OPENCLOSE,DIGITAL,0
Dummy2,SYS$,DOWNNORMAL,CALC,0
WTP2_52A,GBPW_DE,OPENCLOSE,RTU,0
STAR,KOHLER_GEN,OPENCLOSE,DIGITAL,0
GCPW_RTU,GCPW_DE,DOWNNORMAL,COMMLINE,1
GCPW_RTU_COMMLINE,GCPW_DE,DOWNNORMAL,COMMLINE,1
ALARM,KOHLER_GEN,NORMALALARM,RTU,0
IMPORT_STATUS,TEA,FAILEDOK,CALC,0
LOAD_TEST_STATUS,KOHLER_GEN,RUNNINGSTOPPED,RTU,0
TEST_STATUS,KOHLER_GEN,RUNNINGSTOPPED,RTU,0
GEN_STATUS,KOHLER_GEN,RUNNINGSTOPPED,RTU,0
GRID_STATUS,KOHLER_GEN,FAILEDOK,RTU,1
WTP_52A,GBPW_DE,OPENCLOSE,RTU,0
CORH_RTU,CORH_DE,DOWNNORMAL,COMMLINE,1
CORH_RTU_COMMLINE,CORH_DE,DOWNNORMAL,COMMLINE,1
ION_TEST_CL,SYS$,DOWNNORMAL,COMMLINE,1
RTAC_DE,SYS$,DOWNNORMAL,COMMLINE,1
ABB02_PRI_RTU,SYS$,DOWNNORMAL,RTU,1
ABB02_CHK_RTU,SYS$,DOWNNORMAL,RTU,1
ACLOSS_Status,ABB02,OKFAILED,IPSTATUS,1
KW_COMP_Status,ABB02,INPUTSTATUS,IPSTATUS,0
KW_A_Status,ABB02,INPUTSTATUS,IPSTATUS,0
KW_B_Status,ABB02,INPUTSTATUS,IPSTATUS,0
KW_C_Status,ABB02,INPUTSTATUS,IPSTATUS,0
KVAR_Status,ABB02,INPUTSTATUS,IPSTATUS,0
KVAR_A_Status,ABB02,INPUTSTATUS,IPSTATUS,0
KVAR_B_Status,ABB02,INPUTSTATUS,IPSTATUS,0
KVAR_C_Status,ABB02,INPUTSTATUS,IPSTATUS,0
V_Status,ABB02,INPUTSTATUS,IPSTATUS,0
V_A_Status,ABB02,INPUTSTATUS,IPSTATUS,0
V_B_Status,ABB02,INPUTSTATUS,IPSTATUS,0
V_C_Status,ABB02,INPUTSTATUS,IPSTATUS,0
A_Status,ABB02,INPUTSTATUS,IPSTATUS,0
A_A_Status,ABB02,INPUTSTATUS,IPSTATUS,0
A_B_Status,ABB02,INPUTSTATUS,IPSTATUS,0
A_C_Status,ABB02,INPUTSTATUS,IPSTATUS,0
PF_Status,ABB02,INPUTSTATUS,IPSTATUS,0
PF_A_Status,ABB02,INPUTSTATUS,IPSTATUS,0
PF_B_Status,ABB02,INPUTSTATUS,IPSTATUS,0
PF_C_Status,ABB02,INPUTSTATUS,IPSTATUS,0
KVAR_COMP_Status,ABB02,INPUTSTATUS,IPSTATUS,0
KW_Status,ABB02,INPUTSTATUS,IPSTATUS,0
FREQUENCY_Status,ABB02,INPUTSTATUS,IPSTATUS,0
A_N_Status,ABB02,INPUTSTATUS,IPSTATUS,0
